,RNA vs RNC in MCF7,,,,,,RNA vs RNC in MDAMB231,,,,,,MCF7 vs MDAMB231 in RNA level,,,,,,MCF7 vs MDAMB231 in RNC level,,,,,,information,,,,
id,logFC.x,logCPM.x,PValue.x,FDR.x,RNA-MCF7.x,RNC-MCF7.x,logFC.y,logCPM.y,PValue.y,FDR.y,RNA-MDAMB231.x,RNC-MDAMB231.x,logFC.x.x,logCPM.x.x,PValue.x.x,FDR.x.x,RNA-MCF7.y,RNA-MDAMB231.y,logFC.y.y,logCPM.y.y,PValue.y.y,FDR.y.y,RNC-MCF7.y,RNC-MDAMB231.y,strand,circ_type,gene_id,gene_name,gene_type
chr10:126970702|127127764,1.037735475,14.49273638,1.68E-04,8.76E-04,87,54,NA,NA,NA,NA,NA,NA,NA,NA,NA,NA,NA,NA,-3.405943858,16.0400682,2.24E-10,6.06E-09,54,4,+,exon,ENSG00000150760.13,DOCK1,protein_coding
chr7:155672867|155680908,-1.153560981,13.75125417,0.006143382,0.02458674,96,13,2.930080579,14.85494228,3.28E-12,2.13E-10,16,39,-1.705377693,12.66997608,1.77E-06,3.62E-05,96,16,1.886767943,16.01237877,2.30E-05,3.11E-04,13,39,+,exon,ENSG00000184863.11,RBM33,protein_coding
chr15:64499293|64500166,1.650280452,14.35747437,1.50E-08,2.34E-07,60,57,2.878118253,13.77791936,4.72E-06,1.02E-04,8,19,-2.020868909,11.99194041,1.97E-05,3.53E-04,60,8,-1.267046233,16.43625176,6.57E-04,0.003550417,57,19,+,exon,ENSG00000180357.9,ZNF609,protein_coding
chrX:10063445|10098579,0.783784613,12.4658005,0.215694939,0.435944962,23,12,0.657806843,15.18645955,0.060330669,0.21786075,60,30,2.249416684,12.60659739,3.30E-11,1.09E-09,23,60,1.62369996,15.7181178,6.14E-04,0.003550417,12,30,+,exon,ENSG00000047644.19,WWC3,protein_coding
chr6:18236452|18258405,-0.049778614,12.2161323,1,1,24,7,0.221472735,15.09307006,0.57233751,0.726475397,65,24,2.30375021,12.71177038,1.39E-12,7.45E-11,24,65,2.069003534,15.32533902,5.40E-04,0.003550417,7,24,-,exon,ENSG00000124795.17,DEK,protein_coding
chr19:18539371|18539720,2.000130311,13.47797788,4.75E-07,3.96E-06,28,34,1.519158413,13.41207716,0.034791993,0.163571669,12,11,-0.34605348,11.38861395,0.627431963,0.991896119,28,12,-1.306370578,15.73619724,0.009637793,0.043370067,34,11,-,exon,ENSG00000105701.16,FKBP8,protein_coding
chr4:186706563|186709845,0.58572462,12.32230493,0.458586689,0.663661629,22,10,-0.811146456,15.46833473,0.019050921,0.103192491,111,20,3.199640548,13.35906305,1.71E-29,3.67E-27,22,111,1.301151732,15.26901897,0.029573372,0.114068722,10,20,-,exon,ENSG00000083857.14,FAT1,protein_coding
chr18:12999421|13019206,0.462281178,12.9346708,0.371837932,0.611575546,36,15,2.10582456,14.18464343,4.30E-05,5.59E-04,16,22,-0.294379019,11.73701765,0.568648377,0.958897264,36,16,0.859550207,15.53233157,0.099182755,0.334741798,15,22,+,exon,ENSG00000101639.18,CEP192,protein_coding
chr4:152411303|152412529,-0.667402388,13.60947283,0.105993969,0.245356409,79,15,-1.330114168,14.01801281,0.041134536,0.17583689,40,5,-0.107546052,12.88292586,0.779489096,1,79,40,-1.253429313,14.71931026,0.115499401,0.346498204,15,5,-,exon,ENSG00000109670.16,FBXW7,protein_coding
chr9:135881633|135883078,-1.852050718,14.04599897,3.66E-06,2.54E-05,132,11,-0.71344869,15.10198717,0.09356422,0.276439741,83,16,0.204489675,13.75135244,0.369898979,0.783529857,132,83,0.845511091,15.12517237,0.185241202,0.500151245,11,16,-,exon,ENSG00000130559.19,CAMSAP1,protein_coding
chr17:20204333|20205912,0.298903462,15.15295634,0.200473732,0.424732483,183,68,-0.074027998,16.07333011,0.812184617,0.886455438,143,43,0.517864939,14.38603378,0.002234377,0.024019557,183,143,-0.347421248,16.98575782,0.251571251,0.61749307,68,43,+,exon,"ENSG00000263494.1,ENSG00000128487.18","AC004702.2,SPECC1","lncRNA,protein_coding"
chr10:31908172|31910563,-2.057366449,14.31959441,1.88E-08,2.35E-07,166,12,-1.501130041,14.3721256,0.011444489,0.067626523,54,6,-0.745123191,13.67533419,7.61E-04,0.010226919,166,54,-0.677017277,14.60269614,0.480882571,0.988093581,12,6,-,exon,ENSG00000165322.18,ARHGAP12,protein_coding
chr12:120154970|120155719,-0.271472926,13.1638406,0.683894904,0.821989067,52,13,0.294103545,13.40019406,0.831904334,0.886455438,18,7,-0.65386138,12.10792245,0.136667902,0.470137583,52,18,-0.572600079,14.72907029,0.503660778,0.988093581,13,7,-,exon,"ENSG00000089154.11,ENSG00000266704.1","GCN1,MIR4498","protein_coding,miRNA"
chr11:33286413|33287511,-1.955679783,14.00054129,2.27E-06,1.67E-05,129,10,-2.026241852,15.66886397,4.79E-08,1.56E-06,155,12,1.137988482,14.26894478,1.07E-10,3.29E-09,129,155,0.569508324,14.86432451,0.523698161,0.988093581,10,12,+,exon,ENSG00000110422.12,HIPK3,protein_coding
chr14:67269701|67303599,NA,NA,NA,NA,NA,NA,1.058774218,12.8331402,0.301941037,0.56074764,9,6,NA,NA,NA,NA,NA,NA,0.875391694,13.96977885,0.548940879,0.988093581,4,6,+,exon,ENSG00000072415.10,MPP5,protein_coding
chr7:39987599|40002031,-0.590993893,12.72898946,0.337256477,0.588823658,40,8,-0.040363963,12.90789065,1,1,13,4,-0.743471838,11.73178354,0.152909793,0.487046007,40,13,-0.67212463,14.14594972,0.77448171,1,8,4,+,exon,ENSG00000065883.16,CDK13,protein_coding
chr20:62905887|62914406,1.94996785,11.10572908,0.065502201,0.174207981,5,6,1.614084365,12.16758935,0.28916092,0.552807642,4,4,0.537701614,9.665538582,1,1,5,4,-0.265248207,13.95818514,1,1,6,4,-,exon,ENSG00000101191.17,DIDO1,protein_coding
chr6:158312051|158314268,0.673239928,12.73089036,0.200029599,0.424732483,29,14,0.518221339,13.74014583,0.458586689,0.726475397,22,10,0.473279884,11.77047677,0.32284252,0.723032728,29,22,-0.170656949,14.9576064,0.838916366,1,14,10,+,exon,"ENSG00000130338.13,ENSG00000274023.1","TULP4,RP11-732M18.4","protein_coding,lncRNA"
chr6:7176655|7189322,0.074711665,12.14244183,1,1,22,7,0.798598998,12.73427936,0.581180318,0.726475397,9,5,-0.411919236,11.05801067,0.711273147,1,22,9,-0.168900524,14.1515274,1,1,7,5,+,exon,"ENSG00000124782.20,ENSG00000225092.2","RREB1,RP11-405O10.2","protein_coding,lncRNA"
chr3:158122103|158123991,-2.656122331,14.26565539,8.50E-11,2.12E-09,168,8,-1.140003647,14.11215063,0.073222283,0.248829767,42,6,-1.124282153,13.57424046,2.14E-06,4.19E-05,168,42,-0.100262281,14.32210212,1,1,8,6,+,exon,ENSG00000174891.14,RSRC1,protein_coding
chr5:95755396|95763620,-2.549333816,14.17890401,8.63E-10,1.80E-08,156,8,-1.934750702,14.69743799,4.02E-04,0.003731041,73,6,-0.221251735,13.78933575,0.310027899,0.697968569,156,73,-0.100262281,14.32210212,1,1,8,6,+,exon,ENSG00000164292.13,RHOBTB3,protein_coding
chr18:12999421|13030608,1.417073727,12.29042169,0.024220351,0.075688598,16,13,2.923139663,12.88077021,5.21E-04,0.004234611,4,10,-1.108949782,10.4948339,0.238096895,0.595242238,16,4,-0.064828501,14.90717535,1,1,13,10,+,exon,ENSG00000101639.18,CEP192,protein_coding
chr11:118786052|118786518,1.219591084,11.15894493,0.22669138,0.435944962,7,5,0.647152609,12.5504411,0.548940879,0.726475397,8,4,1.049593698,10.23975581,0.301941037,0.686955798,7,8,-0.008709585,13.85384979,1,1,5,4,-,exon,ENSG00000110367.13,DDX6,protein_coding
chr6:4891713|4892379,0.059929463,14.86558086,0.882404101,0.967548356,162,51,-0.285448136,16.31932998,0.278736236,0.549025918,181,47,1.033337361,14.52750958,1.48E-10,4.24E-09,162,181,0.194645579,16.83320235,0.614602832,1,51,47,+,exon,ENSG00000153046.18,CDYL,protein_coding
chr8:61680968|61684188,-1.611860008,12.84894899,0.007980144,0.029338765,51,5,-0.86875031,13.6960162,0.248108949,0.503971302,29,5,0.059448924,12.34944237,1,1,51,29,0.305372701,13.96397635,0.753967752,1,5,5,-,exon,ENSG00000198363.18,ASPH,protein_coding
chr1:117402186|117442325,-1.044558397,13.67460487,0.012988513,0.042725373,89,13,-0.637701288,14.77408699,0.162531342,0.422581489,64,13,0.397712945,13.2920129,0.121918873,0.434724638,89,64,0.3100074,15.06667108,0.845119625,1,13,13,+,exon,ENSG00000198162.12,MAN1A2,protein_coding
chr4:37631385|37638504,0.43464539,12.26391453,0.571859929,0.729413174,22,9,1.268691335,13.38633,0.052606898,0.20114402,13,10,0.11427851,11.24424415,0.864281555,1,22,13,0.458942513,14.68464474,0.64776437,1,9,10,-,exon,ENSG00000181826.10,RELL1,protein_coding
chr14:101999989|102034452,3.146846243,14.34403717,1.23E-22,1.54E-20,26,70,NA,NA,NA,NA,NA,NA,NA,NA,NA,NA,NA,NA,NA,NA,NA,NA,NA,NA,+,exon,ENSG00000197102.14,DYNC1H1,protein_coding
chr6:151807843|151944508,2.203981586,15.03996401,1.71E-20,1.07E-18,71,99,NA,NA,NA,NA,NA,NA,NA,NA,NA,NA,NA,NA,NA,NA,NA,NA,NA,NA,+,exon,ENSG00000091831.24,ESR1,protein_coding
chr17:78870898|78873919,2.232943674,14.19880353,1.03E-12,4.30E-11,40,57,NA,NA,NA,NA,NA,NA,NA,NA,NA,NA,NA,NA,NA,NA,NA,NA,NA,NA,-,exon,"ENSG00000035862.12,ENSG00000178404.10","TIMP2,CEP295NL","protein_coding,protein_coding"
chr7:100023419|100024307,-2.70950844,14.46359565,1.77E-12,5.53E-11,196,9,NA,NA,NA,NA,NA,NA,-0.739833978,13.9104245,3.94E-04,0.005653621,196,64,NA,NA,NA,NA,NA,NA,+,exon,ENSG00000106261.17,ZKSCAN1,protein_coding
chr8:67227447|67240290,2.626368975,13.2259993,6.05E-09,1.08E-07,17,32,NA,NA,NA,NA,NA,NA,NA,NA,NA,NA,NA,NA,NA,NA,NA,NA,NA,NA,-,exon,ENSG00000066777.9,ARFGEF1,protein_coding
chr3:63912588|63913225,1.210117995,15.22524515,1.78E-08,2.35E-07,133,93,NA,NA,NA,NA,NA,NA,NA,NA,NA,NA,NA,NA,NA,NA,NA,NA,NA,NA,+,exon,ENSG00000163635.20,ATXN7,protein_coding
chr14:65561337|65561766,-2.819001901,13.79190402,2.22E-08,2.50E-07,118,5,NA,NA,NA,NA,NA,NA,-2.826538662,12.78860053,1.41E-13,8.66E-12,118,9,NA,NA,NA,NA,NA,NA,+,exon,ENSG00000033170.17,FUT8,protein_coding
chr1:114463104|114464388,-3.048721649,13.69663697,2.40E-08,2.50E-07,111,4,NA,NA,NA,NA,NA,NA,-2.738436016,12.71573878,3.16E-12,1.36E-10,111,9,NA,NA,NA,NA,NA,NA,-,exon,ENSG00000197323.12,TRIM33,protein_coding
chr7:80789306|80810701,-2.794380256,13.77183845,5.63E-08,5.41E-07,116,5,NA,NA,NA,NA,NA,NA,-3.638743526,12.70302966,4.04E-16,4.34E-14,116,5,NA,NA,NA,NA,NA,NA,-,exon,ENSG00000075223.14,SEMA3C,protein_coding
chr5:72848385|72855923,1.829243779,13.84601241,9.48E-08,8.46E-07,39,42,NA,NA,NA,NA,NA,NA,NA,NA,NA,NA,NA,NA,NA,NA,NA,NA,NA,NA,+,exon,ENSG00000083312.19,TNPO1,protein_coding
chr12:46229153|46243314,-1.701678321,14.34264335,1.28E-06,1.00E-05,162,15,NA,NA,NA,NA,NA,NA,-2.757011383,13.22342479,2.62E-17,3.76E-15,162,13,NA,NA,NA,NA,NA,NA,-,exon,"ENSG00000111371.16,ENSG00000274591.1","SLC38A1,RP11-474P2.5","protein_coding,lncRNA"
chr17:59075647|59104394,1.919205004,13.36368805,5.28E-06,3.48E-05,27,31,NA,NA,NA,NA,NA,NA,NA,NA,NA,NA,NA,NA,NA,NA,NA,NA,NA,NA,-,exon,ENSG00000108395.14,TRIM37,protein_coding
chr2:229777315|229880128,3.189390493,12.16041935,5.72E-06,3.57E-05,6,17,NA,NA,NA,NA,NA,NA,NA,NA,NA,NA,NA,NA,NA,NA,NA,NA,NA,NA,-,exon,ENSG00000153827.14,TRIP12,protein_coding
chr20:47623911|47633636,-0.889415178,15.43615229,3.51E-05,2.08E-04,313,51,NA,NA,NA,NA,NA,NA,NA,NA,NA,NA,NA,NA,NA,NA,NA,NA,NA,NA,+,exon,ENSG00000124151.19,NCOA3,protein_coding
chr21:34834410|34859578,1.888947319,13.16733187,3.67E-05,2.08E-04,24,27,NA,NA,NA,NA,NA,NA,NA,NA,NA,NA,NA,NA,NA,NA,NA,NA,NA,NA,-,exon,ENSG00000159216.19,RUNX1,protein_coding
chr4:143543509|143543972,-1.640877454,13.8860314,6.72E-05,3.65E-04,114,11,NA,NA,NA,NA,NA,NA,-0.709583436,13.16321466,0.008788313,0.07267259,114,38,NA,NA,NA,NA,NA,NA,+,exon,ENSG00000153147.6,SMARCA5,protein_coding
chr5:129526284|129528677,-1.848931143,13.45553043,1.99E-04,9.69E-04,84,7,NA,NA,NA,NA,NA,NA,NA,NA,NA,NA,NA,NA,NA,NA,NA,NA,NA,NA,+,exon,ENSG00000145808.10,ADAMTS19,protein_coding
chr19:46918488|46937408,1.663567206,13.12889353,2.02E-04,9.69E-04,26,25,NA,NA,NA,NA,NA,NA,NA,NA,NA,NA,NA,NA,NA,NA,NA,NA,NA,NA,+,exon,ENSG00000160007.19,ARHGAP35,protein_coding
chr10:116089741|116096764,-2.107780497,13.22569901,2.39E-04,0.001106693,72,5,NA,NA,NA,NA,NA,NA,NA,NA,NA,NA,NA,NA,NA,NA,NA,NA,NA,NA,-,exon,ENSG00000151892.16,GFRA1,protein_coding
chr8:127890589|127890998,-1.468876579,13.63325015,0.00129029,0.005760224,92,10,NA,NA,NA,NA,NA,NA,-0.478560911,12.94708017,0.099524033,0.378719771,92,36,NA,NA,NA,NA,NA,NA,+,exon,"ENSG00000278324.1,ENSG00000249859.12","ENSG10010139188.1,PVT1","misc_RNA,lncRNA"
chr8:115587001|115623758,2.056344032,12.16274641,0.002509385,0.010816313,11,14,NA,NA,NA,NA,NA,NA,NA,NA,NA,NA,NA,NA,NA,NA,NA,NA,NA,NA,-,exon,ENSG00000104447.13,TRPS1,protein_coding
chr17:59910562|59914703,1.622670145,12.40901032,0.005255641,0.021898503,16,15,NA,NA,NA,NA,NA,NA,NA,NA,NA,NA,NA,NA,NA,NA,NA,NA,NA,NA,+,exon,"ENSG00000241913.1,ENSG00000108443.14","RPS29P21,RPS6KB1","processed_pseudogene,protein_coding"
chr16:85633914|85634132,-1.415800442,13.30392187,0.006294205,0.02458674,71,8,NA,NA,NA,NA,NA,NA,-2.931782321,12.10736025,1.24E-08,2.95E-07,71,5,NA,NA,NA,NA,NA,NA,+,exon,ENSG00000131149.19,GSE1,protein_coding
chr17:60623521|60648082,-1.611860008,12.84894899,0.007980144,0.029338765,51,5,NA,NA,NA,NA,NA,NA,NA,NA,NA,NA,NA,NA,NA,NA,NA,NA,NA,NA,+,exon,ENSG00000170836.12,PPM1D,protein_coding
chr7:148846470|148847305,-1.717526054,12.64911932,0.011403219,0.040725783,44,4,NA,NA,NA,NA,NA,NA,0.05829254,12.14654058,0.902319544,1,44,25,NA,NA,NA,NA,NA,NA,-,exon,ENSG00000106462.12,EZH2,protein_coding
chr3:175096790|175576187,2.361548885,11.33080877,0.012969461,0.042725373,5,8,NA,NA,NA,NA,NA,NA,NA,NA,NA,NA,NA,NA,NA,NA,NA,NA,NA,NA,+,exon,"ENSG00000177694.16,ENSG00000264974.1","NAALADL2,MIR4789","protein_coding,miRNA"
chr16:72950469|72960194,2.107434409,11.40387195,0.012969461,0.042725373,6,8,NA,NA,NA,NA,NA,NA,NA,NA,NA,NA,NA,NA,NA,NA,NA,NA,NA,NA,-,exon,ENSG00000140836.17,ZFHX3,protein_coding
chr4:150817124|150817257,1.260674112,12.64361064,0.020187194,0.064702544,22,16,NA,NA,NA,NA,NA,NA,NA,NA,NA,NA,NA,NA,NA,NA,NA,NA,NA,NA,-,exon,ENSG00000198589.14,LRBA,protein_coding
chr5:129679764|129704391,-0.891102427,13.5685471,0.034743367,0.1059249,80,13,NA,NA,NA,NA,NA,NA,NA,NA,NA,NA,NA,NA,NA,NA,NA,NA,NA,NA,+,exon,ENSG00000145808.10,ADAMTS19,protein_coding
chr2:64551443|64553409,1.002584522,12.8418257,0.043777388,0.130289846,28,17,NA,NA,NA,NA,NA,NA,NA,NA,NA,NA,NA,NA,NA,NA,NA,NA,NA,NA,+,exon,ENSG00000119844.15,AFTPH,protein_coding
chr17:60623521|60633977,-0.959203012,13.39420387,0.046707027,0.134185488,71,11,NA,NA,NA,NA,NA,NA,NA,NA,NA,NA,NA,NA,NA,NA,NA,NA,NA,NA,+,exon,ENSG00000170836.12,PPM1D,protein_coding
chr4:76134175|76144473,-1.399726922,12.69300719,0.047233292,0.134185488,44,5,NA,NA,NA,NA,NA,NA,-0.413666447,11.96305949,0.35884155,0.765302058,44,18,NA,NA,NA,NA,NA,NA,-,exon,ENSG00000138750.15,NUP54,protein_coding
chr10:101667886|101676436,0.985893746,12.92971125,0.049013232,0.136147868,30,18,NA,NA,NA,NA,NA,NA,-1.215140577,11.24285275,0.057823387,0.264511238,30,7,NA,NA,NA,NA,NA,NA,-,exon,ENSG00000107829.15,FBXW4,protein_coding
chr20:32366384|32369123,1.916271687,11.29968905,0.05745859,0.156137473,6,7,NA,NA,NA,NA,NA,NA,4.609841844,12.80694794,2.02E-30,8.68E-28,6,82,NA,NA,NA,NA,NA,NA,+,exon,ENSG00000171456.20,ASXL1,protein_coding
chr5:129104956|129107062,-1.429411762,12.43705589,0.070972425,0.184824023,36,4,NA,NA,NA,NA,NA,NA,NA,NA,NA,NA,NA,NA,NA,NA,NA,NA,NA,NA,+,exon,ENSG00000066583.12,ISOC1,protein_coding
chr19:17101660|17102557,1.703624942,11.53800161,0.076929385,0.196248432,8,8,NA,NA,NA,NA,NA,NA,1.555399979,10.67139435,0.026681361,0.159347016,8,13,NA,NA,NA,NA,NA,NA,+,exon,ENSG00000099331.14,MYO9B,protein_coding
chr2:148771044|148771387,-0.746199843,13.74848214,0.079037579,0.197593946,89,16,NA,NA,NA,NA,NA,NA,NA,NA,NA,NA,NA,NA,NA,NA,NA,NA,NA,NA,+,exon,ENSG00000135999.12,EPC2,protein_coding
chr6:16326394|16328470,1.132452093,12.05768639,0.093326679,0.22874186,15,10,NA,NA,NA,NA,NA,NA,NA,NA,NA,NA,NA,NA,NA,NA,NA,NA,NA,NA,-,exon,"ENSG00000288708.1,ENSG00000124788.19","RP3-467D16.4,ATXN1","protein_coding,protein_coding"
chr20:63775678|63790790,0.98362791,12.36995594,0.098988956,0.237954221,20,12,NA,NA,NA,NA,NA,NA,NA,NA,NA,NA,NA,NA,NA,NA,NA,NA,NA,NA,-,exon,ENSG00000130584.12,ZBTB46,protein_coding
chr17:67945409|67975958,-0.748207602,13.57070347,0.101263719,0.238829527,78,14,NA,NA,NA,NA,NA,NA,-1.818779287,12.37084547,4.37E-06,8.17E-05,78,12,NA,NA,NA,NA,NA,NA,+,exon,"ENSG00000171634.18,ENSG00000279573.1,ENSG00000279880.1","BPTF,RP11-855A2.1,RP11-855A2.2","protein_coding,TEC,TEC"
chr20:58667490|58673711,1.689692666,10.9831406,0.109462886,0.248779287,5,5,NA,NA,NA,NA,NA,NA,NA,NA,NA,NA,NA,NA,NA,NA,NA,NA,NA,NA,+,exon,"ENSG00000254995.4,ENSG00000124222.22","STX16-NPEPL1,STX16","protein_coding,protein_coding"
chr14:65561337|65629606,1.695853375,11.18998209,0.146116928,0.32043186,6,6,NA,NA,NA,NA,NA,NA,0.59790778,9.876194154,0.548940879,0.932982521,6,5,NA,NA,NA,NA,NA,NA,+,exon,ENSG00000033170.17,FUT8,protein_coding
chr1:13778418|13782831,1.695853375,11.18998209,0.146116928,0.32043186,6,6,NA,NA,NA,NA,NA,NA,NA,NA,NA,NA,NA,NA,NA,NA,NA,NA,NA,NA,+,exon,ENSG00000116731.22,PRDM2,protein_coding
chr20:35713019|35725155,1.219591084,11.15894493,0.22669138,0.435944962,7,5,NA,NA,NA,NA,NA,NA,0.639793754,10.06069484,0.581180318,0.961182833,7,6,NA,NA,NA,NA,NA,NA,-,exon,ENSG00000131051.24,RBM39,protein_coding
chr21:21280578|21432281,1.219591084,11.15894493,0.22669138,0.435944962,7,5,NA,NA,NA,NA,NA,NA,NA,NA,NA,NA,NA,NA,NA,NA,NA,NA,NA,NA,+,exon,ENSG00000154654.15,NCAM2,protein_coding
chr22:45689712|45740538,1.219591084,11.15894493,0.22669138,0.435944962,7,5,NA,NA,NA,NA,NA,NA,1.62929956,10.54932095,0.041489297,0.214944549,7,12,NA,NA,NA,NA,NA,NA,+,exon,ENSG00000130638.17,ATXN10,protein_coding
chr9:33971651|33973237,1.219591084,11.15894493,0.22669138,0.435944962,7,5,NA,NA,NA,NA,NA,NA,1.850186559,10.68508573,0.004363941,0.041699884,7,14,NA,NA,NA,NA,NA,NA,-,exon,ENSG00000137073.24,UBAP2,protein_coding
chr17:61776401|61847220,1.680544296,10.74572114,0.28916092,0.525238824,4,4,NA,NA,NA,NA,NA,NA,NA,NA,NA,NA,NA,NA,NA,NA,NA,NA,NA,NA,-,exon,ENSG00000136492.10,BRIP1,protein_coding
chr3:125277726|125331238,1.680544296,10.74572114,0.28916092,0.525238824,4,4,NA,NA,NA,NA,NA,NA,NA,NA,NA,NA,NA,NA,NA,NA,NA,NA,NA,NA,-,exon,ENSG00000163848.20,ZNF148,protein_coding
chr17:49311312|49317983,1.371893535,10.85265528,0.28916092,0.525238824,5,4,NA,NA,NA,NA,NA,NA,NA,NA,NA,NA,NA,NA,NA,NA,NA,NA,NA,NA,-,exon,ENSG00000198740.9,ZNF652,protein_coding
chr4:1225360|1241519,-0.567989835,13.24599164,0.289931831,0.525238824,59,12,NA,NA,NA,NA,NA,NA,-1.677910693,12.02625064,2.70E-04,0.0041443,59,10,NA,NA,NA,NA,NA,NA,-,exon,ENSG00000159692.16,CTBP1,protein_coding
chr17:59051214|59057054,-1.016923374,12.14516332,0.307748337,0.549550602,27,4,NA,NA,NA,NA,NA,NA,-1.857942821,10.99936044,0.012601225,0.095061871,27,4,NA,NA,NA,NA,NA,NA,-,exon,ENSG00000108395.14,TRIM37,protein_coding
chr12:48939655|48941188,1.117779059,10.95131668,0.343873016,0.588823658,6,4,NA,NA,NA,NA,NA,NA,NA,NA,NA,NA,NA,NA,NA,NA,NA,NA,NA,NA,-,exon,"ENSG00000134287.10,ENSG00000272822.2","ARF3,RP11-302B13.5","protein_coding,protein_coding"
chr9:137716626|137752408,1.117779059,10.95131668,0.343873016,0.588823658,6,4,NA,NA,NA,NA,NA,NA,NA,NA,NA,NA,NA,NA,NA,NA,NA,NA,NA,NA,+,exon,ENSG00000181090.21,EHMT1,protein_coding
chr17:60265412|60271481,0.719672942,11.79262714,0.35951399,0.603261345,14,7,NA,NA,NA,NA,NA,NA,NA,NA,NA,NA,NA,NA,NA,NA,NA,NA,NA,NA,-,exon,ENSG00000170832.13,USP32,protein_coding
chr17:58999381|59017424,-0.68236889,12.42166287,0.361956807,0.603261345,32,6,NA,NA,NA,NA,NA,NA,NA,NA,NA,NA,NA,NA,NA,NA,NA,NA,NA,NA,-,exon,ENSG00000108395.14,TRIM37,protein_coding
chr1:30992390|30995220,-0.533028883,12.9820795,0.382254538,0.620147213,48,10,NA,NA,NA,NA,NA,NA,-1.381133776,11.81341834,0.00322405,0.0322405,48,10,NA,NA,NA,NA,NA,NA,-,exon,ENSG00000134644.16,PUM1,protein_coding
chr4:1900626|1918623,1.031768724,11.23839604,0.387840285,0.620147213,8,5,NA,NA,NA,NA,NA,NA,0.670629234,10.22483658,0.607376167,0.963733402,8,7,NA,NA,NA,NA,NA,NA,+,exon,ENSG00000109685.19,NSD2,protein_coding
chr1:180984677|180993425,0.55422971,12.58250563,0.391933039,0.620147213,27,12,NA,NA,NA,NA,NA,NA,NA,NA,NA,NA,NA,NA,NA,NA,NA,NA,NA,NA,-,exon,ENSG00000135823.14,STX6,protein_coding
chr17:60269450|60271481,0.634176433,12.00583174,0.405145484,0.633039818,17,8,NA,NA,NA,NA,NA,NA,NA,NA,NA,NA,NA,NA,NA,NA,NA,NA,NA,NA,-,exon,ENSG00000170832.13,USP32,protein_coding
chr20:58438945|58441083,-0.440667554,13.16361599,0.410724674,0.633834373,54,12,NA,NA,NA,NA,NA,NA,-0.179796147,12.3276176,0.731500848,1,54,26,NA,NA,NA,NA,NA,NA,+,exon,ENSG00000124164.16,VAPB,protein_coding
chr8:94664697|94665196,-0.526078608,12.83949254,0.441280993,0.663661629,43,9,NA,NA,NA,NA,NA,NA,NA,NA,NA,NA,NA,NA,NA,NA,NA,NA,NA,NA,+,exon,ENSG00000104413.18,ESRP1,protein_coding
chr3:125313308|125331238,0.44515427,12.84939707,0.441280993,0.663661629,34,14,NA,NA,NA,NA,NA,NA,NA,NA,NA,NA,NA,NA,NA,NA,NA,NA,NA,NA,-,exon,ENSG00000163848.20,ZNF148,protein_coding
chr17:59070823|59084089,-0.589833048,12.36041705,0.458586689,0.663661629,30,6,NA,NA,NA,NA,NA,NA,NA,NA,NA,NA,NA,NA,NA,NA,NA,NA,NA,NA,-,exon,ENSG00000108395.14,TRIM37,protein_coding
chr4:102304317|102315830,0.58572462,12.32230493,0.458586689,0.663661629,22,10,NA,NA,NA,NA,NA,NA,-0.989894096,10.90414801,0.168914476,0.515129252,22,6,NA,NA,NA,NA,NA,NA,-,exon,ENSG00000138821.14,SLC39A8,protein_coding
chr4:105233897|105237351,-0.471878239,12.94237911,0.461908494,0.663661629,46,10,NA,NA,NA,NA,NA,NA,NA,NA,NA,NA,NA,NA,NA,NA,NA,NA,NA,NA,+,exon,ENSG00000168769.14,TET2,protein_coding
chr4:128992167|129003876,-0.548907144,12.52948523,0.487212094,0.68432171,34,7,NA,NA,NA,NA,NA,NA,-0.125299153,11.72353446,0.885570734,1,34,17,NA,NA,NA,NA,NA,NA,-,exon,ENSG00000151466.12,SCLT1,protein_coding
chr10:12081472|12091684,-0.723780963,11.94737809,0.503660778,0.68432171,22,4,NA,NA,NA,NA,NA,NA,-0.989894096,10.90414801,0.168914476,0.515129252,22,6,NA,NA,NA,NA,NA,NA,+,exon,ENSG00000181192.12,DHTKD1,protein_coding
chr17:59075647|59091340,0.621439138,11.84227724,0.503660778,0.68432171,15,7,NA,NA,NA,NA,NA,NA,NA,NA,NA,NA,NA,NA,NA,NA,NA,NA,NA,NA,-,exon,ENSG00000108395.14,TRIM37,protein_coding
chr8:47407861|47440542,0.621439138,11.84227724,0.503660778,0.68432171,15,7,NA,NA,NA,NA,NA,NA,NA,NA,NA,NA,NA,NA,NA,NA,NA,NA,NA,NA,+,exon,ENSG00000164808.17,SPIDR,protein_coding
chr17:29285992|29287716,0.529469833,11.88997715,0.503660778,0.68432171,16,7,NA,NA,NA,NA,NA,NA,NA,NA,NA,NA,NA,NA,NA,NA,NA,NA,NA,NA,-,exon,ENSG00000108256.9,NUFIP2,protein_coding
chr21:45128402|45134832,0.403565593,12.87172398,0.542820217,0.72229063,35,14,NA,NA,NA,NA,NA,NA,NA,NA,NA,NA,NA,NA,NA,NA,NA,NA,NA,NA,+,exon,ENSG00000197381.17,ADARB1,protein_coding
chr20:35729312|35732135,0.901791952,11.04287024,0.548940879,0.72229063,7,4,NA,NA,NA,NA,NA,NA,1.368370108,10.40163173,0.096401148,0.370111549,7,10,NA,NA,NA,NA,NA,NA,-,exon,ENSG00000131051.24,RBM39,protein_coding
chr4:87170079|87195690,0.901791952,11.04287024,0.548940879,0.72229063,7,4,NA,NA,NA,NA,NA,NA,NA,NA,NA,NA,NA,NA,NA,NA,NA,NA,NA,NA,-,exon,ENSG00000145332.14,KLHL8,protein_coding
chr14:102194938|102209862,-0.541239799,12.32860527,0.571859929,0.729413174,29,6,NA,NA,NA,NA,NA,NA,NA,NA,NA,NA,NA,NA,NA,NA,NA,NA,NA,NA,+,exon,ENSG00000140153.18,WDR20,protein_coding
chrX:107840670|107854704,-0.490952596,12.29594423,0.571859929,0.729413174,28,6,NA,NA,NA,NA,NA,NA,NA,NA,NA,NA,NA,NA,NA,NA,NA,NA,NA,NA,+,exon,ENSG00000080561.14,MID2,protein_coding
chr12:95208843|95211267,0.458122325,11.5135826,0.607376167,0.7668891,12,5,NA,NA,NA,NA,NA,NA,0.095228776,10.47924423,1,1,12,7,NA,NA,NA,NA,NA,NA,-,exon,ENSG00000180263.14,FGD6,protein_coding
chr8:102360071|102361626,-0.587525174,11.85850497,0.64776437,0.801688577,20,4,NA,NA,NA,NA,NA,NA,NA,NA,NA,NA,NA,NA,NA,NA,NA,NA,NA,NA,-,exon,ENSG00000104517.13,UBR5,protein_coding
chr9:85618983|85633374,-0.514246472,11.81156474,0.64776437,0.801688577,19,4,NA,NA,NA,NA,NA,NA,-0.560649744,10.83113811,0.541501489,0.932982521,19,7,NA,NA,NA,NA,NA,NA,-,exon,ENSG00000135049.16,AGTPBP1,protein_coding
chr1:35358925|35361789,-0.53047211,12.09389256,0.677816641,0.821989067,24,5,NA,NA,NA,NA,NA,NA,-0.385970889,11.17681766,0.596910942,0.963733402,24,10,NA,NA,NA,NA,NA,NA,+,exon,ENSG00000146463.12,ZMYM4,protein_coding
chr6:47283938|47286595,-0.469569339,12.05470232,0.677816641,0.821989067,23,5,NA,NA,NA,NA,NA,NA,0.989345645,11.72992331,0.029497403,0.167323028,23,25,NA,NA,NA,NA,NA,NA,-,exon,ENSG00000146072.6,TNFRSF21,protein_coding
chr16:81351583|81365478,0.547806771,11.20823057,0.77448171,0.886412173,9,4,NA,NA,NA,NA,NA,NA,NA,NA,NA,NA,NA,NA,NA,NA,NA,NA,NA,NA,+,exon,ENSG00000261609.8,GAN,protein_coding
chr20:16526092|16528440,0.547806771,11.20823057,0.77448171,0.886412173,9,4,NA,NA,NA,NA,NA,NA,NA,NA,NA,NA,NA,NA,NA,NA,NA,NA,NA,NA,-,exon,ENSG00000089177.19,KIF16B,protein_coding
chr21:41226266|41257326,0.547806771,11.20823057,0.77448171,0.886412173,9,4,NA,NA,NA,NA,NA,NA,1.494875488,10.78409813,0.022735317,0.145913232,9,14,NA,NA,NA,NA,NA,NA,+,exon,ENSG00000182240.16,BACE2,protein_coding
chr4:102304317|102324998,0.547806771,11.20823057,0.77448171,0.886412173,9,4,NA,NA,NA,NA,NA,NA,NA,NA,NA,NA,NA,NA,NA,NA,NA,NA,NA,NA,-,exon,ENSG00000138821.14,SLC39A8,protein_coding
chr9:100320265|100349372,0.547806771,11.20823057,0.77448171,0.886412173,9,4,NA,NA,NA,NA,NA,NA,-0.290061408,10.0300846,1,1,9,4,NA,NA,NA,NA,NA,NA,-,exon,ENSG00000136891.14,TEX10,protein_coding
chr16:80684538|80685129,-0.186067974,13.11122013,0.780042712,0.886412173,49,13,NA,NA,NA,NA,NA,NA,NA,NA,NA,NA,NA,NA,NA,NA,NA,NA,NA,NA,-,exon,ENSG00000166446.15,CDYL2,protein_coding
chr5:177209636|177212195,0.344393951,11.57381217,0.803697892,0.905065194,13,5,NA,NA,NA,NA,NA,NA,NA,NA,NA,NA,NA,NA,NA,NA,NA,NA,NA,NA,+,exon,ENSG00000165671.21,NSD1,protein_coding
chr12:1027748|1028572,-0.437045625,11.76278251,0.814612826,0.909166101,18,4,NA,NA,NA,NA,NA,NA,-0.483323638,10.78634426,0.677816641,1,18,7,NA,NA,NA,NA,NA,NA,+,exon,ENSG00000082805.20,ERC1,protein_coding
chr16:67610824|67612121,0.265874386,12.20398321,0.845119625,0.934866842,22,8,NA,NA,NA,NA,NA,NA,NA,NA,NA,NA,NA,NA,NA,NA,NA,NA,NA,NA,+,exon,ENSG00000102974.16,CTCF,protein_coding
chr14:32090502|32094386,-0.029924222,13.67150426,1,1,71,21,NA,NA,NA,NA,NA,NA,NA,NA,NA,NA,NA,NA,NA,NA,NA,NA,NA,NA,+,exon,ENSG00000100852.13,ARHGAP5,protein_coding
chr15:63532647|63563008,-0.355478917,11.71200922,1,1,17,4,NA,NA,NA,NA,NA,NA,NA,NA,NA,NA,NA,NA,NA,NA,NA,NA,NA,NA,+,exon,ENSG00000140455.17,USP3,protein_coding
chr7:98190728|98194572,-0.269726043,11.9290438,1,1,20,5,NA,NA,NA,NA,NA,NA,NA,NA,NA,NA,NA,NA,NA,NA,NA,NA,NA,NA,+,exon,ENSG00000164715.6,LMTK2,protein_coding
chr4:142402938|142462726,0.263789989,11.35439478,1,1,11,4,NA,NA,NA,NA,NA,NA,NA,NA,NA,NA,NA,NA,NA,NA,NA,NA,NA,NA,-,exon,ENSG00000109452.12,INPP4B,protein_coding
chr1:26942660|26943065,0.238979446,11.63124922,1,1,14,5,NA,NA,NA,NA,NA,NA,-0.124419952,10.5898906,1,1,14,7,NA,NA,NA,NA,NA,NA,+,exon,ENSG00000090273.14,NUDC,protein_coding
chr7:39987599|39988258,0.140745641,11.68613842,1,1,15,5,NA,NA,NA,NA,NA,NA,-0.442258547,10.57642318,0.64776437,1,15,6,NA,NA,NA,NA,NA,NA,+,exon,ENSG00000065883.16,CDK13,protein_coding
chr8:60741259|60743097,0.140745641,11.68613842,1,1,15,5,NA,NA,NA,NA,NA,NA,NA,NA,NA,NA,NA,NA,NA,NA,NA,NA,NA,NA,+,exon,ENSG00000171316.12,CHD7,protein_coding
chr12:69251129|69262562,-0.079557242,12.93937487,1,1,42,12,NA,NA,NA,NA,NA,NA,-1.339782202,11.64810584,0.011444489,0.087877323,42,9,NA,NA,NA,NA,NA,NA,+,exon,ENSG00000111605.18,CPSF6,protein_coding
chr8:140879471|140890769,0.05726433,12.74199795,1,1,35,11,NA,NA,NA,NA,NA,NA,-0.084875973,11.77796201,1,1,35,18,NA,NA,NA,NA,NA,NA,-,exon,ENSG00000169398.19,PTK2,protein_coding
chr19:41248514|41248820,NA,NA,NA,NA,NA,NA,1.957944825,14.47451364,1.56E-05,2.53E-04,21,26,NA,NA,NA,NA,NA,NA,NA,NA,NA,NA,NA,NA,+,exon,ENSG00000167601.12,AXL,protein_coding
chr5:137985257|137988315,NA,NA,NA,NA,NA,NA,-2.323277544,14.48683411,3.11E-04,0.003369342,64,4,0.105742353,13.43150588,0.699270636,1,109,64,NA,NA,NA,NA,NA,NA,-,exon,ENSG00000031003.10,FAM13B,protein_coding
chr11:62535945|62536567,NA,NA,NA,NA,NA,NA,2.280801941,13.16005977,0.004442811,0.03208697,7,11,NA,NA,NA,NA,NA,NA,NA,NA,NA,NA,NA,NA,-,exon,ENSG00000124942.14,AHNAK,protein_coding
chr1:117402186|117466427,NA,NA,NA,NA,NA,NA,2.209092623,12.91948195,0.007406097,0.048139629,6,9,NA,NA,NA,NA,NA,NA,NA,NA,NA,NA,NA,NA,+,exon,ENSG00000198162.12,MAN1A2,protein_coding
chr11:32927157|32935435,NA,NA,NA,NA,NA,NA,-1.611412975,13.94538936,0.035230821,0.163571669,39,4,1.509580776,12.17380288,1.04E-04,0.001790376,25,39,NA,NA,NA,NA,NA,NA,+,exon,ENSG00000060749.16,QSER1,protein_coding
chr18:9182382|9221999,NA,NA,NA,NA,NA,NA,-0.985717755,14.78761273,0.043282927,0.17583689,69,11,2.16878141,12.82554587,3.16E-12,1.36E-10,28,69,NA,NA,NA,NA,NA,NA,+,exon,"ENSG00000101745.17,ENSG00000265257.5","ANKRD12,RP11-21J18.1","protein_coding,lncRNA"
chr6:18256361|18258405,NA,NA,NA,NA,NA,NA,1.636433271,12.95581855,0.076929385,0.248829767,8,8,NA,NA,NA,NA,NA,NA,NA,NA,NA,NA,NA,NA,-,exon,ENSG00000124795.17,DEK,protein_coding
chr18:8718424|8720496,NA,NA,NA,NA,NA,NA,-1.256472304,13.96534994,0.080391156,0.248829767,38,5,2.929729026,11.83190004,1.34E-09,3.39E-08,9,38,NA,NA,NA,NA,NA,NA,+,exon,ENSG00000168502.17,MTCL1,protein_coding
chr10:49500538|49506012,NA,NA,NA,NA,NA,NA,1.931734278,12.30578214,0.109462886,0.296461984,4,5,NA,NA,NA,NA,NA,NA,NA,NA,NA,NA,NA,NA,-,exon,ENSG00000225830.16,ERCC6,protein_coding
chr16:89305206|89317075,NA,NA,NA,NA,NA,NA,1.622942666,12.40393189,0.109462886,0.296461984,5,5,-0.123829114,10.19517412,1,1,10,5,NA,NA,NA,NA,NA,NA,-,exon,"ENSG00000288715.1,ENSG00000167522.16","GS2-740I5.1,ANKRD11","protein_coding,protein_coding"
chr18:32111754|32113860,NA,NA,NA,NA,NA,NA,-0.996297084,14.01177462,0.17584317,0.424696398,38,6,0.121710531,12.69186519,0.762601468,1,64,38,NA,NA,NA,NA,NA,NA,+,exon,"ENSG00000134758.14,ENSG00000263917.1","RNF138,RP11-53I6.2","protein_coding,lncRNA"
chr12:111552280|111555919,NA,NA,NA,NA,NA,NA,-0.751652267,14.36525102,0.184429221,0.424696398,48,9,0.016067271,13.07229855,1,1,87,48,NA,NA,NA,NA,NA,NA,-,exon,ENSG00000204842.18,ATXN2,protein_coding
chr2:61522611|61526521,NA,NA,NA,NA,NA,NA,-0.964360001,13.76113333,0.185241202,0.424696398,31,5,1.237722511,11.9382613,0.001868263,0.021140871,24,31,NA,NA,NA,NA,NA,NA,-,exon,ENSG00000082898.19,XPO1,protein_coding
chr20:38057532|38066256,NA,NA,NA,NA,NA,NA,1.012214856,13.36070545,0.189479931,0.424696398,14,9,0.866570992,11.00216491,0.185241202,0.534588703,14,14,NA,NA,NA,NA,NA,NA,+,exon,ENSG00000101413.12,RPRD1B,protein_coding
chr19:58392976|58393487,NA,NA,NA,NA,NA,NA,1.368732842,12.4950038,0.22669138,0.491164658,6,5,-0.124173085,10.40604457,1,1,12,6,NA,NA,NA,NA,NA,NA,+,exon,ENSG00000083845.9,RPS5,protein_coding
chr7:158759486|158764853,NA,NA,NA,NA,NA,NA,-0.635629954,14.6663137,0.237727498,0.498460883,59,12,1.026560687,12.92065335,3.22E-04,0.004770385,53,59,NA,NA,NA,NA,NA,NA,-,exon,ENSG00000117868.17,ESYT2,protein_coding
chr11:117152441|117163892,NA,NA,NA,NA,NA,NA,0.995044524,13.04949141,0.332513547,0.600371682,11,7,1.504725856,10.47709418,0.063692328,0.279466337,7,11,NA,NA,NA,NA,NA,NA,+,exon,ENSG00000168092.14,PAFAH1B2,protein_coding
chr7:139715932|139717015,NA,NA,NA,NA,NA,NA,-0.626638099,14.28214312,0.360895775,0.634006092,44,9,3.968540253,11.93230409,3.33E-15,2.86E-13,5,44,NA,NA,NA,NA,NA,NA,-,exon,ENSG00000064393.16,HIPK2,protein_coding
chr3:197130527|197149796,NA,NA,NA,NA,NA,NA,1.152676905,12.57993255,0.387840285,0.663411014,7,5,NA,NA,NA,NA,NA,NA,NA,NA,NA,NA,NA,NA,-,exon,ENSG00000075711.21,DLG1,protein_coding
chr21:44855210|44861271,NA,NA,NA,NA,NA,NA,0.651208597,13.02233032,0.454681493,0.726475397,12,6,NA,NA,NA,NA,NA,NA,NA,NA,NA,NA,NA,NA,-,exon,ENSG00000183255.12,PTTG1IP,protein_coding
chr14:96833467|96860735,NA,NA,NA,NA,NA,NA,0.530439295,13.86003894,0.47347509,0.726475397,24,11,0.03265427,12.10417556,1,1,43,24,NA,NA,NA,NA,NA,NA,+,exon,ENSG00000100749.9,VRK1,protein_coding
chr8:140846260|140864399,NA,NA,NA,NA,NA,NA,1.051082929,12.37334401,0.50791091,0.726475397,6,4,-0.124173085,10.40604457,1,1,12,6,NA,NA,NA,NA,NA,NA,-,exon,ENSG00000169398.19,PTK2,protein_coding
chr9:33986760|34017189,NA,NA,NA,NA,NA,NA,1.051082929,12.37334401,0.50791091,0.726475397,6,4,1.112245704,9.892126066,0.22669138,0.587212612,5,6,NA,NA,NA,NA,NA,NA,-,exon,ENSG00000137073.24,UBAP2,protein_coding
chr8:18765449|18804898,NA,NA,NA,NA,NA,NA,-0.597685741,13.51642938,0.541501489,0.726475397,24,5,1.281504444,11.56990008,0.005450344,0.048825998,18,24,NA,NA,NA,NA,NA,NA,-,exon,"ENSG00000156011.17,ENSG00000244018.1","PSD3,RPL35P6","protein_coding,processed_pseudogene"
chr1:30992390|31007102,NA,NA,NA,NA,NA,NA,0.835026993,12.46497775,0.548940879,0.726475397,7,4,-0.634041289,10.87443801,0.42464826,0.865396929,20,7,NA,NA,NA,NA,NA,NA,-,exon,ENSG00000134644.16,PUM1,protein_coding
chr3:172112452|172133546,NA,NA,NA,NA,NA,NA,0.835026993,12.46497775,0.548940879,0.726475397,7,4,NA,NA,NA,NA,NA,NA,NA,NA,NA,NA,NA,NA,+,exon,ENSG00000075420.13,FNDC3B,protein_coding
chr7:122113118|122133741,NA,NA,NA,NA,NA,NA,0.647152609,12.5504411,0.548940879,0.726475397,8,4,NA,NA,NA,NA,NA,NA,NA,NA,NA,NA,NA,NA,-,exon,ENSG00000008311.16,AASS,protein_coding
chr11:73707420|73720899,NA,NA,NA,NA,NA,NA,0.798598998,12.73427936,0.581180318,0.726475397,9,5,-0.475591692,11.09483583,0.584948842,0.96370882,23,9,NA,NA,NA,NA,NA,NA,-,exon,ENSG00000175582.20,RAB6A,protein_coding
chr7:158869855|158876691,NA,NA,NA,NA,NA,NA,0.798598998,12.73427936,0.581180318,0.726475397,9,5,2.000890581,10.10713464,0.022502846,0.145913232,4,9,NA,NA,NA,NA,NA,NA,+,exon,ENSG00000126870.16,DYNC2I1,protein_coding
chr12:108652272|108654410,NA,NA,NA,NA,NA,NA,-0.338872844,14.36047647,0.659107511,0.79900874,44,11,NA,NA,NA,NA,NA,NA,NA,NA,NA,NA,NA,NA,-,exon,ENSG00000110880.11,CORO1C,protein_coding
chr1:1223244|1223968,NA,NA,NA,NA,NA,NA,0.375680052,13.3558586,0.663791876,0.79900874,17,7,-0.285044606,11.81240858,0.576337922,0.961182833,38,17,NA,NA,NA,NA,NA,NA,-,exon,ENSG00000078808.19,SDF4,protein_coding
chr10:863743|885760,NA,NA,NA,NA,NA,NA,0.480949086,12.63049901,0.77448171,0.886455438,9,4,2.000890581,10.10713464,0.022502846,0.145913232,4,9,NA,NA,NA,NA,NA,NA,-,exon,ENSG00000107929.15,LARP4B,protein_coding
chr9:135850137|135883078,NA,NA,NA,NA,NA,NA,0.432030294,13.13404428,0.814612826,0.886455438,14,6,1.494875488,10.78409813,0.022735317,0.145913232,9,14,NA,NA,NA,NA,NA,NA,-,exon,ENSG00000130559.19,CAMSAP1,protein_coding
chr4:73090667|73092300,NA,NA,NA,NA,NA,NA,-0.422491751,13.13491671,0.814612826,0.886455438,17,4,0.315850476,11.49764627,0.533131483,0.932982521,25,17,NA,NA,NA,NA,NA,NA,-,exon,ENSG00000132466.19,ANKRD17,protein_coding
chr2:106122970|106166083,NA,NA,NA,NA,NA,NA,0.333782275,13.18631544,0.814612826,0.886455438,15,6,0.867067324,11.09182277,0.200826576,0.56074953,15,15,NA,NA,NA,NA,NA,NA,-,exon,ENSG00000115652.15,UXS1,protein_coding
chr15:41668828|41669958,NA,NA,NA,NA,NA,NA,0.294103545,13.40019406,0.831904334,0.886455438,18,7,-0.929920255,12.28399933,0.014256758,0.103905183,63,18,NA,NA,NA,NA,NA,NA,+,exon,ENSG00000174197.17,MGA,protein_coding
chr8:130152736|130180880,NA,NA,NA,NA,NA,NA,0.303582273,13.71742943,0.850658524,0.891819421,23,9,NA,NA,NA,NA,NA,NA,NA,NA,NA,NA,NA,NA,-,exon,ENSG00000153317.15,ASAP1,protein_coding
chr1:66958059|66963160,NA,NA,NA,NA,NA,NA,0.171855074,13.05290256,1,1,14,5,0.4303412,11.18810205,0.487212094,0.903022416,19,14,NA,NA,NA,NA,NA,NA,+,exon,ENSG00000198160.15,MIER1,protein_coding
chr22:45689712|45702847,NA,NA,NA,NA,NA,NA,0.073383465,12.84406645,1,1,12,4,1.273988488,10.65773198,0.078509136,0.321513605,9,12,NA,NA,NA,NA,NA,NA,+,exon,ENSG00000130638.17,ATXN10,protein_coding
chr5:168488602|168494650,NA,NA,NA,NA,NA,NA,NA,NA,NA,NA,NA,NA,-3.495218487,12.57961431,1.60E-14,1.15E-12,105,5,NA,NA,NA,NA,NA,NA,+,exon,ENSG00000113643.9,RARS1,protein_coding
chr12:116230533|116237705,NA,NA,NA,NA,NA,NA,NA,NA,NA,NA,NA,NA,-2.826560534,12.6326898,8.22E-12,3.21E-10,105,8,NA,NA,NA,NA,NA,NA,-,exon,ENSG00000123066.9,MED13L,protein_coding
chr5:180261684|180280608,NA,NA,NA,NA,NA,NA,NA,NA,NA,NA,NA,NA,-3.240833196,12.36388305,2.23E-11,7.98E-10,88,5,NA,NA,NA,NA,NA,NA,-,exon,ENSG00000050748.18,MAPK9,protein_coding
chr17:59731421|59738947,NA,NA,NA,NA,NA,NA,NA,NA,NA,NA,NA,NA,-2.932027921,12.34306355,3.75E-10,1.01E-08,85,6,NA,NA,NA,NA,NA,NA,+,exon,ENSG00000062716.13,VMP1,protein_coding
chr3:170359699|170361429,NA,NA,NA,NA,NA,NA,NA,NA,NA,NA,NA,NA,-2.523535812,12.01184541,4.76E-07,1.08E-05,64,6,NA,NA,NA,NA,NA,NA,+,exon,ENSG00000136603.14,SKIL,protein_coding
chr22:20933779|20934244,NA,NA,NA,NA,NA,NA,NA,NA,NA,NA,NA,NA,-2.304133951,12.03759921,1.26E-06,2.71E-05,64,7,NA,NA,NA,NA,NA,NA,+,exon,ENSG00000099942.13,CRKL,protein_coding
chr2:189791790|189818180,NA,NA,NA,NA,NA,NA,NA,NA,NA,NA,NA,NA,2.824823506,10.66043429,1.22E-04,0.002018611,4,16,NA,NA,NA,NA,NA,NA,+,exon,ENSG00000064933.18,PMS1,protein_coding
chr22:45729425|45740538,NA,NA,NA,NA,NA,NA,NA,NA,NA,NA,NA,NA,1.473321787,12.03219144,2.08E-04,0.003312872,23,35,NA,NA,NA,NA,NA,NA,+,exon,ENSG00000130638.17,ATXN10,protein_coding
chr15:67231814|67236820,NA,NA,NA,NA,NA,NA,NA,NA,NA,NA,NA,NA,-2.032807649,11.40204148,7.61E-04,0.010226919,38,5,NA,NA,NA,NA,NA,NA,-,exon,ENSG00000103591.13,AAGAB,protein_coding
chr12:42210355|42210680,NA,NA,NA,NA,NA,NA,NA,NA,NA,NA,NA,NA,-2.230373272,11.27349496,8.29E-04,0.010808028,35,4,NA,NA,NA,NA,NA,NA,-,exon,ENSG00000015153.15,YAF2,protein_coding
chr1:224952670|224974153,NA,NA,NA,NA,NA,NA,NA,NA,NA,NA,NA,NA,-1.917757062,11.54571369,9.52E-04,0.012039493,42,6,NA,NA,NA,NA,NA,NA,+,exon,ENSG00000185842.16,DNAH14,protein_coding
chr2:72718103|72733118,NA,NA,NA,NA,NA,NA,NA,NA,NA,NA,NA,NA,2.527088328,10.44541183,0.001318335,0.01589086,4,13,NA,NA,NA,NA,NA,NA,-,exon,ENSG00000144036.16,EXOC6B,protein_coding
chr16:69370483|69372355,NA,NA,NA,NA,NA,NA,NA,NA,NA,NA,NA,NA,-2.145886537,11.21011343,0.001330398,0.01589086,33,4,NA,NA,NA,NA,NA,NA,-,exon,ENSG00000132604.11,TERF2,protein_coding
chr2:54982515|54987698,NA,NA,NA,NA,NA,NA,NA,NA,NA,NA,NA,NA,1.298703203,11.9178243,0.001868263,0.021140871,23,31,NA,NA,NA,NA,NA,NA,-,exon,ENSG00000115310.18,RTN4,protein_coding
chr8:141253989|141254629,NA,NA,NA,NA,NA,NA,NA,NA,NA,NA,NA,NA,-2.101712303,11.17724445,0.002119095,0.023364381,32,4,NA,NA,NA,NA,NA,NA,-,exon,ENSG00000022567.10,SLC45A4,protein_coding
chr8:66601698|66602523,NA,NA,NA,NA,NA,NA,NA,NA,NA,NA,NA,NA,2.412421527,10.36706981,0.002359203,0.024742859,4,12,NA,NA,NA,NA,NA,NA,-,exon,ENSG00000185697.17,MYBL1,protein_coding
chr5:14316513|14336727,NA,NA,NA,NA,NA,NA,NA,NA,NA,NA,NA,NA,2.322638509,10.57761393,0.002588858,0.026504974,5,14,NA,NA,NA,NA,NA,NA,+,exon,ENSG00000038382.20,TRIO,protein_coding
chr8:98706467|98707311,NA,NA,NA,NA,NA,NA,NA,NA,NA,NA,NA,NA,-1.507957118,11.61461529,0.003694317,0.036103554,42,8,NA,NA,NA,NA,NA,NA,-,exon,ENSG00000104375.17,STK3,protein_coding
chr11:73707420|73718718,NA,NA,NA,NA,NA,NA,NA,NA,NA,NA,NA,NA,-1.73564075,11.41227024,0.005138664,0.048035342,37,6,NA,NA,NA,NA,NA,NA,-,exon,ENSG00000175582.20,RAB6A,protein_coding
chr8:140818277|140890769,NA,NA,NA,NA,NA,NA,NA,NA,NA,NA,NA,NA,1.570567732,11.0902429,0.005255641,0.048083521,11,18,NA,NA,NA,NA,NA,NA,-,exon,"ENSG00000279786.1,ENSG00000169398.19","CTD-2014D20.1,PTK2","TEC,protein_coding"
chr3:111112030|111126335,NA,NA,NA,NA,NA,NA,NA,NA,NA,NA,NA,NA,2.151492075,10.19836508,0.007406097,0.064992277,4,10,NA,NA,NA,NA,NA,NA,+,exon,ENSG00000177707.11,NECTIN3,protein_coding
chr5:69174877|69175537,NA,NA,NA,NA,NA,NA,NA,NA,NA,NA,NA,NA,1.245857374,11.69182915,0.00801499,0.068928912,20,26,NA,NA,NA,NA,NA,NA,+,exon,ENSG00000134057.15,CCNB1,protein_coding
chr18:21765772|21779685,NA,NA,NA,NA,NA,NA,NA,NA,NA,NA,NA,NA,-1.120641982,11.97777315,0.008738727,0.07267259,52,13,NA,NA,NA,NA,NA,NA,+,exon,ENSG00000101752.12,MIB1,protein_coding
chr7:131375424|131399433,NA,NA,NA,NA,NA,NA,NA,NA,NA,NA,NA,NA,1.661620178,10.73556484,0.010665387,0.085466962,8,14,NA,NA,NA,NA,NA,NA,+,exon,ENSG00000128585.18,MKLN1,protein_coding
chr7:135577796|135593192,NA,NA,NA,NA,NA,NA,NA,NA,NA,NA,NA,NA,1.446780124,11.12781284,0.01073306,0.085466962,12,18,NA,NA,NA,NA,NA,NA,+,exon,ENSG00000155561.15,NUP205,protein_coding
chr9:37424845|37426654,NA,NA,NA,NA,NA,NA,NA,NA,NA,NA,NA,NA,1.279993708,11.32285493,0.011403219,0.087877323,15,20,NA,NA,NA,NA,NA,NA,+,exon,ENSG00000137106.18,GRHPR,protein_coding
chr9:33953285|33963791,NA,NA,NA,NA,NA,NA,NA,NA,NA,NA,NA,NA,0.966370156,12.0356961,0.01362777,0.101033465,29,31,NA,NA,NA,NA,NA,NA,-,exon,ENSG00000137073.24,UBAP2,protein_coding
chr14:34862044|34862322,NA,NA,NA,NA,NA,NA,NA,NA,NA,NA,NA,NA,-1.803825434,10.96070816,0.01923675,0.137863375,26,4,NA,NA,NA,NA,NA,NA,-,exon,ENSG00000198604.11,BAZ1A,protein_coding
chr8:140864312|140890769,NA,NA,NA,NA,NA,NA,NA,NA,NA,NA,NA,NA,0.801322717,12.4562256,0.0200784,0.141536264,42,40,NA,NA,NA,NA,NA,NA,-,exon,ENSG00000169398.19,PTK2,protein_coding
chr8:47396376|47407961,NA,NA,NA,NA,NA,NA,NA,NA,NA,NA,NA,NA,-1.689091333,10.8798206,0.022735317,0.145913232,24,4,NA,NA,NA,NA,NA,NA,+,exon,ENSG00000164808.17,SPIDR,protein_coding
chr4:55411614|55417985,NA,NA,NA,NA,NA,NA,NA,NA,NA,NA,NA,NA,-1.628110641,10.83743107,0.022735317,0.145913232,23,4,NA,NA,NA,NA,NA,NA,+,exon,"ENSG00000134851.13,ENSG00000239040.1","TMEM165,Y_RNA","protein_coding,misc_RNA"
chr5:171183195|171205612,NA,NA,NA,NA,NA,NA,NA,NA,NA,NA,NA,NA,-1.594417295,11.08484014,0.024220351,0.153158105,28,5,NA,NA,NA,NA,NA,NA,+,exon,ENSG00000204764.14,RANBP17,protein_coding
chr1:211778918|211793190,NA,NA,NA,NA,NA,NA,NA,NA,NA,NA,NA,NA,1.743966361,10.61857443,0.026681361,0.159347016,7,13,NA,NA,NA,NA,NA,NA,-,exon,"ENSG00000241395.3,ENSG00000123684.13","RN7SL344P,LPGAT1","misc_RNA,protein_coding"
chr2:147972739|147982081,NA,NA,NA,NA,NA,NA,NA,NA,NA,NA,NA,NA,1.743966361,10.61857443,0.026681361,0.159347016,7,13,NA,NA,NA,NA,NA,NA,-,exon,ENSG00000115947.14,ORC4,protein_coding
chr4:17814853|17815358,NA,NA,NA,NA,NA,NA,NA,NA,NA,NA,NA,NA,1.743966361,10.61857443,0.026681361,0.159347016,7,13,NA,NA,NA,NA,NA,NA,+,exon,ENSG00000109805.10,NCAPG,protein_coding
chr7:127373342|127377329,NA,NA,NA,NA,NA,NA,NA,NA,NA,NA,NA,NA,-1.351940586,11.33575512,0.028958901,0.167323028,33,7,NA,NA,NA,NA,NA,NA,-,exon,ENSG00000048405.10,ZNF800,protein_coding
chr14:103778745|103797518,NA,NA,NA,NA,NA,NA,NA,NA,NA,NA,NA,NA,-1.385899599,11.16585859,0.029573372,0.167323028,29,6,NA,NA,NA,NA,NA,NA,-,exon,"ENSG00000088808.18,ENSG00000202275.1","PPP1R13B,ENSG10010137167.1","protein_coding,snoRNA"
chr2:190659158|190673152,NA,NA,NA,NA,NA,NA,NA,NA,NA,NA,NA,NA,1.250731457,11.11580858,0.029573372,0.167323028,13,17,NA,NA,NA,NA,NA,NA,+,exon,ENSG00000138386.17,NAB1,protein_coding
chr19:29985223|29986417,NA,NA,NA,NA,NA,NA,NA,NA,NA,NA,NA,NA,-0.975266961,11.88083952,0.030253484,0.168948029,47,13,NA,NA,NA,NA,NA,NA,+,exon,ENSG00000105176.18,URI1,protein_coding
chr13:95757644|95763953,NA,NA,NA,NA,NA,NA,NA,NA,NA,NA,NA,NA,-1.564438186,10.79362872,0.034791993,0.187006963,22,4,NA,NA,NA,NA,NA,NA,+,exon,ENSG00000102580.15,DNAJC3,protein_coding
chr3:138570318|138571356,NA,NA,NA,NA,NA,NA,NA,NA,NA,NA,NA,NA,-1.564438186,10.79362872,0.034791993,0.187006963,22,4,NA,NA,NA,NA,NA,NA,-,exon,ENSG00000114107.9,CEP70,protein_coding
chr3:3137260|3144710,NA,NA,NA,NA,NA,NA,NA,NA,NA,NA,NA,NA,-1.564438186,10.79362872,0.034791993,0.187006963,22,4,NA,NA,NA,NA,NA,NA,+,exon,ENSG00000072756.17,TRNT1,protein_coding
chr19:34430576|34434968,NA,NA,NA,NA,NA,NA,NA,NA,NA,NA,NA,NA,-1.077854322,11.47044079,0.038669498,0.20528252,35,9,NA,NA,NA,NA,NA,NA,+,exon,ENSG00000126261.13,UBA2,protein_coding
chr14:99458279|99465813,NA,NA,NA,NA,NA,NA,NA,NA,NA,NA,NA,NA,-0.467684871,13.55670957,0.040152802,0.210557374,142,56,NA,NA,NA,NA,NA,NA,-,exon,ENSG00000183576.13,SETD3,protein_coding
chr11:86007542|86031611,NA,NA,NA,NA,NA,NA,NA,NA,NA,NA,NA,NA,-1.335559286,11.13152845,0.042927905,0.217164698,28,6,NA,NA,NA,NA,NA,NA,-,exon,ENSG00000073921.18,PICALM,protein_coding
chr7:158788004|158799072,NA,NA,NA,NA,NA,NA,NA,NA,NA,NA,NA,NA,-1.283398731,11.0962736,0.042927905,0.217164698,27,6,NA,NA,NA,NA,NA,NA,-,exon,ENSG00000117868.17,ESYT2,protein_coding
chr3:170136419|170149244,NA,NA,NA,NA,NA,NA,NA,NA,NA,NA,NA,NA,-1.161542503,11.37576517,0.047233292,0.23616646,33,8,NA,NA,NA,NA,NA,NA,-,exon,ENSG00000173889.16,PHC3,protein_coding
chr7:129014979|129018157,NA,NA,NA,NA,NA,NA,NA,NA,NA,NA,NA,NA,-1.045373286,11.58461941,0.049013232,0.240097272,38,10,NA,NA,NA,NA,NA,NA,-,exon,ENSG00000064419.14,TNPO3,protein_coding
chr4:53414615|53428183,NA,NA,NA,NA,NA,NA,NA,NA,NA,NA,NA,NA,1.585342143,10.33739554,0.049136186,0.240097272,6,10,NA,NA,NA,NA,NA,NA,+,exon,"ENSG00000282278.1,ENSG00000145216.16","RP11-231C18.3,FIP1L1","protein_coding,protein_coding"
chr5:65988635|65994864,NA,NA,NA,NA,NA,NA,NA,NA,NA,NA,NA,NA,0.742116275,12.16849709,0.050181406,0.240247048,35,32,NA,NA,NA,NA,NA,NA,+,exon,ENSG00000112851.15,ERBIN,protein_coding
chr14:22909483|22911403,NA,NA,NA,NA,NA,NA,NA,NA,NA,NA,NA,NA,-1.166497737,11.21035802,0.050284266,0.240247048,29,7,NA,NA,NA,NA,NA,NA,-,exon,ENSG00000100461.18,RBM23,protein_coding
chr11:70659828|70661678,NA,NA,NA,NA,NA,NA,NA,NA,NA,NA,NA,NA,-1.497825314,10.74831564,0.052606898,0.248582043,21,4,NA,NA,NA,NA,NA,NA,-,exon,ENSG00000162105.20,SHANK2,protein_coding
chr1:117402186|117414831,NA,NA,NA,NA,NA,NA,NA,NA,NA,NA,NA,NA,-0.506136346,13.21027972,0.055774721,0.260686197,112,43,NA,NA,NA,NA,NA,NA,+,exon,ENSG00000198162.12,MAN1A2,protein_coding
chr8:43059092|43064215,NA,NA,NA,NA,NA,NA,NA,NA,NA,NA,NA,NA,1.690220564,10.18304738,0.05745859,0.264511238,5,9,NA,NA,NA,NA,NA,NA,+,exon,"ENSG00000168522.13,ENSG00000254673.1","FNTA,RP11-598P20.5","protein_coding,protein_coding"
chr16:68121987|68126610,NA,NA,NA,NA,NA,NA,NA,NA,NA,NA,NA,NA,-0.633197086,12.59313883,0.061987807,0.279466337,74,26,NA,NA,NA,NA,NA,NA,+,exon,"ENSG00000261864.1,ENSG00000072736.19","RP11-67A1.2,NFATC3","lncRNA,protein_coding"
chr10:84371014|84373815,NA,NA,NA,NA,NA,NA,NA,NA,NA,NA,NA,NA,1.316159475,10.53522858,0.063692328,0.279466337,8,11,NA,NA,NA,NA,NA,NA,+,exon,ENSG00000107771.17,CCSER2,protein_coding
chr7:6111125|6115523,NA,NA,NA,NA,NA,NA,NA,NA,NA,NA,NA,NA,1.316159475,10.53522858,0.063692328,0.279466337,8,11,NA,NA,NA,NA,NA,NA,+,exon,ENSG00000106346.11,USP42,protein_coding
chr16:47497399|47515601,NA,NA,NA,NA,NA,NA,NA,NA,NA,NA,NA,NA,-1.117368269,11.34632145,0.065485806,0.284433299,32,8,NA,NA,NA,NA,NA,NA,+,exon,"ENSG00000102893.16,ENSG00000222268.1","PHKB,RNA5SP425","protein_coding,rRNA_pseudogene"
chr21:15762891|15766141,NA,NA,NA,NA,NA,NA,NA,NA,NA,NA,NA,NA,-0.909017538,11.61901043,0.072774081,0.311738433,38,11,NA,NA,NA,NA,NA,NA,+,exon,ENSG00000155313.16,USP25,protein_coding
chr5:73074742|73077493,NA,NA,NA,NA,NA,NA,NA,NA,NA,NA,NA,NA,-0.993367587,11.4149026,0.073222283,0.311738433,33,9,NA,NA,NA,NA,NA,NA,+,exon,ENSG00000157107.14,FCHO2,protein_coding
chr13:21157922|21172681,NA,NA,NA,NA,NA,NA,NA,NA,NA,NA,NA,NA,-1.427987241,10.70138342,0.078509136,0.321513605,20,4,NA,NA,NA,NA,NA,NA,-,exon,ENSG00000165480.16,SKA3,protein_coding
chr5:170878097|170896115,NA,NA,NA,NA,NA,NA,NA,NA,NA,NA,NA,NA,-1.354595696,10.65271167,0.078509136,0.321513605,19,4,NA,NA,NA,NA,NA,NA,+,exon,ENSG00000204764.14,RANBP17,protein_coding
chr10:96544076|96576829,NA,NA,NA,NA,NA,NA,NA,NA,NA,NA,NA,NA,1.273988488,10.65773198,0.078509136,0.321513605,9,12,NA,NA,NA,NA,NA,NA,-,exon,ENSG00000077147.16,TM9SF3,protein_coding
chr11:130260856|130261929,NA,NA,NA,NA,NA,NA,NA,NA,NA,NA,NA,NA,0.811175384,11.74367772,0.085814879,0.34811696,25,24,NA,NA,NA,NA,NA,NA,-,exon,ENSG00000196323.14,ZBTB44,protein_coding
chr12:100282943|100298175,NA,NA,NA,NA,NA,NA,NA,NA,NA,NA,NA,NA,-0.770113697,11.93753534,0.087405276,0.351254849,47,15,NA,NA,NA,NA,NA,NA,+,exon,ENSG00000136021.19,SCYL2,protein_coding
chr10:5794885|5800705,NA,NA,NA,NA,NA,NA,NA,NA,NA,NA,NA,NA,-1.024742494,11.28536257,0.089810351,0.357578249,30,8,NA,NA,NA,NA,NA,NA,-,exon,ENSG00000057608.17,GDI2,protein_coding
chr5:38990949|39021136,NA,NA,NA,NA,NA,NA,NA,NA,NA,NA,NA,NA,1.832715665,10.01061204,0.09238989,0.361160479,4,8,NA,NA,NA,NA,NA,NA,-,exon,ENSG00000164327.13,RICTOR,protein_coding
chr9:124908377|124912026,NA,NA,NA,NA,NA,NA,NA,NA,NA,NA,NA,NA,1.832715665,10.01061204,0.09238989,0.361160479,4,8,NA,NA,NA,NA,NA,NA,-,exon,ENSG00000136935.14,GOLGA1,protein_coding
chr4:41013583|41014398,NA,NA,NA,NA,NA,NA,NA,NA,NA,NA,NA,NA,1.179803727,10.46279786,0.096401148,0.370111549,8,10,NA,NA,NA,NA,NA,NA,-,exon,ENSG00000163697.17,APBB2,protein_coding
chr18:76849526|76851939,NA,NA,NA,NA,NA,NA,NA,NA,NA,NA,NA,NA,-1.248752105,10.84974504,0.107971304,0.407260183,22,5,NA,NA,NA,NA,NA,NA,+,exon,ENSG00000130856.17,ZNF236,protein_coding
chr8:108449823|108455930,NA,NA,NA,NA,NA,NA,NA,NA,NA,NA,NA,NA,0.867502094,11.17636576,0.110468001,0.413054266,16,16,NA,NA,NA,NA,NA,NA,+,exon,ENSG00000104412.8,EMC2,protein_coding
chr1:9931891|9934860,NA,NA,NA,NA,NA,NA,NA,NA,NA,NA,NA,NA,-1.277269589,10.60216613,0.115499401,0.420887649,18,4,NA,NA,NA,NA,NA,NA,-,exon,ENSG00000162441.12,LZIC,protein_coding
chr7:92294889|92327900,NA,NA,NA,NA,NA,NA,NA,NA,NA,NA,NA,NA,-1.277269589,10.60216613,0.115499401,0.420887649,18,4,NA,NA,NA,NA,NA,NA,+,exon,ENSG00000001629.10,ANKIB1,protein_coding
chr21:37420299|37472880,NA,NA,NA,NA,NA,NA,NA,NA,NA,NA,NA,NA,1.149414784,10.59082623,0.115499401,0.420887649,9,11,NA,NA,NA,NA,NA,NA,+,exon,ENSG00000157540.22,DYRK1A,protein_coding
chr17:51263274|51268904,NA,NA,NA,NA,NA,NA,NA,NA,NA,NA,NA,NA,-0.707802345,11.98409835,0.118017487,0.426449743,48,16,NA,NA,NA,NA,NA,NA,+,exon,ENSG00000011260.14,UTP18,protein_coding
chr20:10556231|10560820,NA,NA,NA,NA,NA,NA,NA,NA,NA,NA,NA,NA,-1.114547243,10.98441993,0.122329491,0.434724638,24,6,NA,NA,NA,NA,NA,NA,+,exon,ENSG00000149346.15,SLX4IP,protein_coding
chr10:5785142|5800705,NA,NA,NA,NA,NA,NA,NA,NA,NA,NA,NA,NA,0.802445646,11.56567197,0.126696326,0.446552624,22,21,NA,NA,NA,NA,NA,NA,-,exon,ENSG00000057608.17,GDI2,protein_coding
chr14:80743075|80778046,NA,NA,NA,NA,NA,NA,NA,NA,NA,NA,NA,NA,1.124534701,10.70865199,0.134013933,0.464725737,10,12,NA,NA,NA,NA,NA,NA,-,exon,ENSG00000100629.17,CEP128,protein_coding
chr1:8655973|8656441,NA,NA,NA,NA,NA,NA,NA,NA,NA,NA,NA,NA,-1.112301159,10.76096598,0.134013933,0.464725737,20,5,NA,NA,NA,NA,NA,NA,-,exon,ENSG00000142599.19,RERE,protein_coding
chr9:93471141|93498886,NA,NA,NA,NA,NA,NA,NA,NA,NA,NA,NA,NA,-0.531392821,12.36391801,0.141311416,0.475986963,61,23,NA,NA,NA,NA,NA,NA,+,exon,ENSG00000048828.17,FAM120A,protein_coding
chr2:199368605|199433514,NA,NA,NA,NA,NA,NA,NA,NA,NA,NA,NA,NA,1.642317582,9.908141407,0.146116928,0.475986963,4,7,NA,NA,NA,NA,NA,NA,-,exon,ENSG00000119042.17,SATB2,protein_coding
chr9:93471141|93476338,NA,NA,NA,NA,NA,NA,NA,NA,NA,NA,NA,NA,1.642317582,9.908141407,0.146116928,0.475986963,4,7,NA,NA,NA,NA,NA,NA,+,exon,ENSG00000048828.17,FAM120A,protein_coding
chr10:126970702|127000307,NA,NA,NA,NA,NA,NA,NA,NA,NA,NA,NA,NA,1.331647565,9.994830592,0.146116928,0.475986963,5,7,NA,NA,NA,NA,NA,NA,+,exon,ENSG00000150760.13,DOCK1,protein_coding
chr11:108046270|108054955,NA,NA,NA,NA,NA,NA,NA,NA,NA,NA,NA,NA,1.331647565,9.994830592,0.146116928,0.475986963,5,7,NA,NA,NA,NA,NA,NA,+,exon,ENSG00000166266.14,CUL5,protein_coding
chr17:7945728|7945986,NA,NA,NA,NA,NA,NA,NA,NA,NA,NA,NA,NA,1.331647565,9.994830592,0.146116928,0.475986963,5,7,NA,NA,NA,NA,NA,NA,+,exon,ENSG00000170037.14,CNTROB,protein_coding
chr7:73459536|73470483,NA,NA,NA,NA,NA,NA,NA,NA,NA,NA,NA,NA,1.331647565,9.994830592,0.146116928,0.475986963,5,7,NA,NA,NA,NA,NA,NA,-,exon,ENSG00000009954.11,BAZ1B,protein_coding
chr12:69800209|69801721,NA,NA,NA,NA,NA,NA,NA,NA,NA,NA,NA,NA,-1.182139233,10.80610815,0.151835054,0.487046007,21,5,NA,NA,NA,NA,NA,NA,+,exon,"ENSG00000127328.22,ENSG00000258052.1","RAB3IP,AC025263.3","protein_coding,protein_coding"
chr21:29321221|29329693,NA,NA,NA,NA,NA,NA,NA,NA,NA,NA,NA,NA,0.86533272,10.80474887,0.151835054,0.487046007,12,12,NA,NA,NA,NA,NA,NA,+,exon,ENSG00000156273.16,BACH1,protein_coding
chr12:116230433|116237705,NA,NA,NA,NA,NA,NA,NA,NA,NA,NA,NA,NA,-1.195563037,10.54959652,0.167270257,0.515129252,17,4,NA,NA,NA,NA,NA,NA,-,exon,ENSG00000123066.9,MED13L,protein_coding
chr1:45640210|45642499,NA,NA,NA,NA,NA,NA,NA,NA,NA,NA,NA,NA,1.013059037,10.52117372,0.167270257,0.515129252,9,10,NA,NA,NA,NA,NA,NA,-,exon,ENSG00000159592.11,GPBP1L1,protein_coding
chr5:145817894|145826200,NA,NA,NA,NA,NA,NA,NA,NA,NA,NA,NA,NA,1.013059037,10.52117372,0.167270257,0.515129252,9,10,NA,NA,NA,NA,NA,NA,-,exon,ENSG00000186314.12,PRELID2,protein_coding
chrX:53645311|53654131,NA,NA,NA,NA,NA,NA,NA,NA,NA,NA,NA,NA,0.865999029,10.90673696,0.168914476,0.515129252,13,13,NA,NA,NA,NA,NA,NA,-,exon,ENSG00000086758.16,HUWE1,protein_coding
chr6:79042843|79060818,NA,NA,NA,NA,NA,NA,NA,NA,NA,NA,NA,NA,-0.807924739,11.29617107,0.17584317,0.525706123,29,9,NA,NA,NA,NA,NA,NA,-,exon,ENSG00000146247.14,PHIP,protein_coding
chr17:31155983|31182665,NA,NA,NA,NA,NA,NA,NA,NA,NA,NA,NA,NA,1.266565732,10.16779147,0.17971814,0.525706123,6,8,NA,NA,NA,NA,NA,NA,+,exon,ENSG00000196712.18,NF1,protein_coding
chr2:61115979|61118116,NA,NA,NA,NA,NA,NA,NA,NA,NA,NA,NA,NA,1.266565732,10.16779147,0.17971814,0.525706123,6,8,NA,NA,NA,NA,NA,NA,+,exon,"ENSG00000274769.1,ENSG00000162929.14","RP11-493E12.3,KIAA1841","lncRNA,protein_coding"
chr3:31876433|31879830,NA,NA,NA,NA,NA,NA,NA,NA,NA,NA,NA,NA,1.266565732,10.16779147,0.17971814,0.525706123,6,8,NA,NA,NA,NA,NA,NA,-,exon,ENSG00000144645.15,OSBPL10,protein_coding
chr7:131387120|131399433,NA,NA,NA,NA,NA,NA,NA,NA,NA,NA,NA,NA,1.266565732,10.16779147,0.17971814,0.525706123,6,8,NA,NA,NA,NA,NA,NA,+,exon,ENSG00000128585.18,MKLN1,protein_coding
chr9:123757703|123879021,NA,NA,NA,NA,NA,NA,NA,NA,NA,NA,NA,NA,1.266565732,10.16779147,0.17971814,0.525706123,6,8,NA,NA,NA,NA,NA,NA,-,exon,ENSG00000119522.16,DENND1A,protein_coding
chr8:140846260|140890769,NA,NA,NA,NA,NA,NA,NA,NA,NA,NA,NA,NA,0.619285183,11.64255078,0.184429221,0.534588703,25,21,NA,NA,NA,NA,NA,NA,-,exon,ENSG00000169398.19,PTK2,protein_coding
chr4:147857553|147881932,NA,NA,NA,NA,NA,NA,NA,NA,NA,NA,NA,NA,-0.705966084,11.3674634,0.188150125,0.536028754,30,10,NA,NA,NA,NA,NA,NA,+,exon,ENSG00000071205.12,ARHGAP10,protein_coding
chr4:87046166|87047594,NA,NA,NA,NA,NA,NA,NA,NA,NA,NA,NA,NA,0.999960997,10.64409964,0.189479931,0.536028754,10,11,NA,NA,NA,NA,NA,NA,+,exon,ENSG00000172493.23,AFF1,protein_coding
chr5:36953618|36976402,NA,NA,NA,NA,NA,NA,NA,NA,NA,NA,NA,NA,0.999960997,10.64409964,0.189479931,0.536028754,10,11,NA,NA,NA,NA,NA,NA,+,exon,ENSG00000164190.19,NIPBL,protein_coding
chr10:110596398|110598290,NA,NA,NA,NA,NA,NA,NA,NA,NA,NA,NA,NA,0.497738363,12.03911684,0.200717364,0.56074953,35,27,NA,NA,NA,NA,NA,NA,+,exon,ENSG00000108055.10,SMC3,protein_coding
chr15:41356039|41377304,NA,NA,NA,NA,NA,NA,NA,NA,NA,NA,NA,NA,0.587499899,11.77984134,0.203203369,0.563725477,28,23,NA,NA,NA,NA,NA,NA,+,exon,"ENSG00000285920.2,ENSG00000137804.14","RP11-16O9.3,NUSAP1","protein_coding,protein_coding"
chr9:109050283|109050692,NA,NA,NA,NA,NA,NA,NA,NA,NA,NA,NA,NA,0.989120329,10.75760875,0.210302535,0.579680065,11,12,NA,NA,NA,NA,NA,NA,-,exon,ENSG00000106771.13,TMEM245,protein_coding
chr5:176943335|176958154,NA,NA,NA,NA,NA,NA,NA,NA,NA,NA,NA,NA,-0.573800761,11.81574531,0.212202718,0.581192157,41,15,NA,NA,NA,NA,NA,NA,-,exon,ENSG00000087206.17,UIMC1,protein_coding
chr7:152309966|152315338,NA,NA,NA,NA,NA,NA,NA,NA,NA,NA,NA,NA,-0.624698382,11.55346805,0.222550391,0.587212612,34,12,NA,NA,NA,NA,NA,NA,-,exon,ENSG00000055609.21,KMT2C,protein_coding
chr12:69589485|69592159,NA,NA,NA,NA,NA,NA,NA,NA,NA,NA,NA,NA,1.422915721,9.798932954,0.22669138,0.587212612,4,6,NA,NA,NA,NA,NA,NA,+,exon,ENSG00000166226.13,CCT2,protein_coding
chr6:130955105|130956499,NA,NA,NA,NA,NA,NA,NA,NA,NA,NA,NA,NA,1.422915721,9.798932954,0.22669138,0.587212612,4,6,NA,NA,NA,NA,NA,NA,-,exon,ENSG00000079819.19,EPB41L2,protein_coding
chr7:24623663|24650712,NA,NA,NA,NA,NA,NA,NA,NA,NA,NA,NA,NA,1.422915721,9.798932954,0.22669138,0.587212612,4,6,NA,NA,NA,NA,NA,NA,+,exon,ENSG00000105926.16,MPP6,protein_coding
chr8:140789474|140890769,NA,NA,NA,NA,NA,NA,NA,NA,NA,NA,NA,NA,1.422915721,9.798932954,0.22669138,0.587212612,4,6,NA,NA,NA,NA,NA,NA,-,exon,"ENSG00000279786.1,ENSG00000169398.19","CTD-2014D20.1,PTK2","TEC,protein_coding"
chr11:68567014|68576043,NA,NA,NA,NA,NA,NA,NA,NA,NA,NA,NA,NA,1.112245704,9.892126066,0.22669138,0.587212612,5,6,NA,NA,NA,NA,NA,NA,+,exon,ENSG00000110075.15,PPP6R3,protein_coding
chr5:16779545|16783469,NA,NA,NA,NA,NA,NA,NA,NA,NA,NA,NA,NA,1.112245704,9.892126066,0.22669138,0.587212612,5,6,NA,NA,NA,NA,NA,NA,-,exon,ENSG00000145555.15,MYO10,protein_coding
chr8:67105905|67116122,NA,NA,NA,NA,NA,NA,NA,NA,NA,NA,NA,NA,1.112245704,9.892126066,0.22669138,0.587212612,5,6,NA,NA,NA,NA,NA,NA,+,exon,ENSG00000104218.16,CSPP1,protein_coding
chr2:239990074|240007370,NA,NA,NA,NA,NA,NA,NA,NA,NA,NA,NA,NA,-0.923281224,10.86208095,0.229815055,0.588217104,21,6,NA,NA,NA,NA,NA,NA,-,exon,ENSG00000130414.13,NDUFA10,protein_coding
chr12:50427762|50441643,NA,NA,NA,NA,NA,NA,NA,NA,NA,NA,NA,NA,0.751332228,10.85020322,0.229815055,0.588217104,13,12,NA,NA,NA,NA,NA,NA,+,exon,ENSG00000161813.22,LARP4,protein_coding
chr7:156826605|156836885,NA,NA,NA,NA,NA,NA,NA,NA,NA,NA,NA,NA,-0.592114198,11.63825082,0.23321943,0.593398549,36,13,NA,NA,NA,NA,NA,NA,-,exon,ENSG00000105983.23,LMBR1,protein_coding
chr11:120474560|120477526,NA,NA,NA,NA,NA,NA,NA,NA,NA,NA,NA,NA,-1.108949782,10.4948339,0.238096895,0.595242238,16,4,NA,NA,NA,NA,NA,NA,+,exon,ENSG00000196914.9,ARHGEF12,protein_coding
chr17:1842803|1853189,NA,NA,NA,NA,NA,NA,NA,NA,NA,NA,NA,NA,1.029202232,10.38712943,0.238096895,0.595242238,8,9,NA,NA,NA,NA,NA,NA,+,exon,ENSG00000132383.12,RPA1,protein_coding
chr3:197865423|197875775,NA,NA,NA,NA,NA,NA,NA,NA,NA,NA,NA,NA,0.708853429,11.32112746,0.24341002,0.601789011,19,17,NA,NA,NA,NA,NA,NA,+,exon,ENSG00000186001.14,LRCH3,protein_coding
chr2:202464809|202467689,NA,NA,NA,NA,NA,NA,NA,NA,NA,NA,NA,NA,0.508941011,11.6913144,0.243514623,0.601789011,27,21,NA,NA,NA,NA,NA,NA,+,exon,ENSG00000204217.15,BMPR2,protein_coding
chr10:89751346|89762835,NA,NA,NA,NA,NA,NA,NA,NA,NA,NA,NA,NA,0.760350793,10.94897886,0.248108949,0.609639131,14,13,NA,NA,NA,NA,NA,NA,+,exon,ENSG00000138182.15,KIF20B,protein_coding
chr9:111386377|111391824,NA,NA,NA,NA,NA,NA,NA,NA,NA,NA,NA,NA,0.37714479,12.60422267,0.252411642,0.616687534,55,39,NA,NA,NA,NA,NA,NA,-,exon,ENSG00000136813.15,ECPAS,protein_coding
chr17:39708321|39710481,NA,NA,NA,NA,NA,NA,NA,NA,NA,NA,NA,NA,-0.879876956,10.6153651,0.263416131,0.635213224,17,5,NA,NA,NA,NA,NA,NA,+,exon,ENSG00000141736.14,ERBB2,protein_coding
chr10:5773842|5800705,NA,NA,NA,NA,NA,NA,NA,NA,NA,NA,NA,NA,-0.704747299,11.08322617,0.265278668,0.635213224,24,8,NA,NA,NA,NA,NA,NA,-,exon,ENSG00000057608.17,GDI2,protein_coding
chr5:66053406|66054951,NA,NA,NA,NA,NA,NA,NA,NA,NA,NA,NA,NA,0.675987114,11.07984285,0.265278668,0.635213224,16,14,NA,NA,NA,NA,NA,NA,+,exon,ENSG00000112851.15,ERBIN,protein_coding
chr3:195381009|195412916,NA,NA,NA,NA,NA,NA,NA,NA,NA,NA,NA,NA,1.07616765,10.07610565,0.267002764,0.635213224,6,7,NA,NA,NA,NA,NA,NA,-,exon,ENSG00000114331.15,ACAP2,protein_coding
chr1:117402186|117405645,NA,NA,NA,NA,NA,NA,NA,NA,NA,NA,NA,NA,0.417178209,12.4348341,0.26738045,0.635213224,48,35,NA,NA,NA,NA,NA,NA,+,exon,ENSG00000198162.12,MAN1A2,protein_coding
chr2:147896301|147899898,NA,NA,NA,NA,NA,NA,NA,NA,NA,NA,NA,NA,0.864546625,10.6952359,0.286545428,0.677002935,11,11,NA,NA,NA,NA,NA,NA,+,exon,ENSG00000121989.15,ACVR2A,protein_coding
chr10:68468123|68470163,NA,NA,NA,NA,NA,NA,NA,NA,NA,NA,NA,NA,0.471569749,11.94543143,0.289931831,0.678115211,33,25,NA,NA,NA,NA,NA,NA,-,exon,ENSG00000138346.15,DNA2,protein_coding
chr5:32135572|32143880,NA,NA,NA,NA,NA,NA,NA,NA,NA,NA,NA,NA,-0.551656575,11.61377326,0.291747242,0.678115211,35,13,NA,NA,NA,NA,NA,NA,-,exon,ENSG00000113384.14,GOLPH3,protein_coding
chr9:83678441|83686155,NA,NA,NA,NA,NA,NA,NA,NA,NA,NA,NA,NA,-0.510031581,11.58882349,0.291747242,0.678115211,34,13,NA,NA,NA,NA,NA,NA,-,exon,ENSG00000135018.14,UBQLN1,protein_coding
chr12:123586747|123590449,NA,NA,NA,NA,NA,NA,NA,NA,NA,NA,NA,NA,0.606600371,11.19961512,0.296606411,0.685702992,18,15,NA,NA,NA,NA,NA,NA,+,exon,ENSG00000086598.11,TMED2,protein_coding
chr12:14423909|14425473,NA,NA,NA,NA,NA,NA,NA,NA,NA,NA,NA,NA,1.049593698,10.23975581,0.301941037,0.686955798,7,8,NA,NA,NA,NA,NA,NA,+,exon,ENSG00000171681.13,ATF7IP,protein_coding
chr7:24620052|24668660,NA,NA,NA,NA,NA,NA,NA,NA,NA,NA,NA,NA,1.049593698,10.23975581,0.301941037,0.686955798,7,8,NA,NA,NA,NA,NA,NA,+,exon,ENSG00000105926.16,MPP6,protein_coding
chr2:32377588|32395593,NA,NA,NA,NA,NA,NA,NA,NA,NA,NA,NA,NA,-0.85344315,10.81861155,0.307748337,0.696483078,20,6,NA,NA,NA,NA,NA,NA,+,exon,ENSG00000115760.14,BIRC6,protein_coding
chr10:124038515|124046724,NA,NA,NA,NA,NA,NA,NA,NA,NA,NA,NA,NA,-1.016802637,10.43768742,0.332513547,0.733235001,15,4,NA,NA,NA,NA,NA,NA,-,exon,ENSG00000182022.18,CHST15,protein_coding
chr17:4282798|4296814,NA,NA,NA,NA,NA,NA,NA,NA,NA,NA,NA,NA,-0.918365903,10.37794045,0.332513547,0.733235001,14,4,NA,NA,NA,NA,NA,NA,-,exon,ENSG00000132388.13,UBE2G1,protein_coding
chr9:83677727|83678599,NA,NA,NA,NA,NA,NA,NA,NA,NA,NA,NA,NA,-0.918365903,10.37794045,0.332513547,0.733235001,14,4,NA,NA,NA,NA,NA,NA,-,exon,ENSG00000135018.14,UBQLN1,protein_coding
chr20:41092472|41101353,NA,NA,NA,NA,NA,NA,NA,NA,NA,NA,NA,NA,-0.643766607,11.0462533,0.345268194,0.753631084,23,8,NA,NA,NA,NA,NA,NA,+,exon,ENSG00000198900.7,TOP1,protein_coding
chr9:6880012|6893232,NA,NA,NA,NA,NA,NA,NA,NA,NA,NA,NA,NA,-0.643766607,11.0462533,0.345268194,0.753631084,23,8,NA,NA,NA,NA,NA,NA,+,exon,ENSG00000107077.19,KDM4C,protein_coding
chr20:47262288|47276795,NA,NA,NA,NA,NA,NA,NA,NA,NA,NA,NA,NA,-0.7932637,10.56299153,0.35951399,0.765302058,16,5,NA,NA,NA,NA,NA,NA,-,exon,ENSG00000101040.19,ZMYND8,protein_coding
chr10:84417771|84425893,NA,NA,NA,NA,NA,NA,NA,NA,NA,NA,NA,NA,0.713003755,10.50715738,0.35951399,0.765302058,10,9,NA,NA,NA,NA,NA,NA,+,exon,ENSG00000107771.17,CCSER2,protein_coding
chr1:224952670|225007544,NA,NA,NA,NA,NA,NA,NA,NA,NA,NA,NA,NA,0.713003755,10.50715738,0.35951399,0.765302058,10,9,NA,NA,NA,NA,NA,NA,+,exon,ENSG00000185842.16,DNAH14,protein_coding
chr1:41070595|41075451,NA,NA,NA,NA,NA,NA,NA,NA,NA,NA,NA,NA,0.713003755,10.50715738,0.35951399,0.765302058,10,9,NA,NA,NA,NA,NA,NA,-,exon,ENSG00000010803.16,SCMH1,protein_coding
chr14:39179091|39179462,NA,NA,NA,NA,NA,NA,NA,NA,NA,NA,NA,NA,-0.5950797,11.16548211,0.377469428,0.795646343,25,9,NA,NA,NA,NA,NA,NA,+,exon,ENSG00000100941.9,PNN,protein_coding
chr11:12764179|12764434,NA,NA,NA,NA,NA,NA,NA,NA,NA,NA,NA,NA,0.728190877,10.63049836,0.383562455,0.804545638,11,10,NA,NA,NA,NA,NA,NA,+,exon,ENSG00000187079.20,TEAD1,protein_coding
chr3:129880309|129880559,NA,NA,NA,NA,NA,NA,NA,NA,NA,NA,NA,NA,0.856765789,9.979124891,0.387840285,0.809569527,6,6,NA,NA,NA,NA,NA,NA,-,exon,ENSG00000172765.18,TMCC1,protein_coding
chr4:177353308|177353728,NA,NA,NA,NA,NA,NA,NA,NA,NA,NA,NA,NA,0.740759017,10.74440053,0.405145484,0.84160656,12,11,NA,NA,NA,NA,NA,NA,+,exon,ENSG00000109674.4,NEIL3,protein_coding
chr3:196391813|196403019,NA,NA,NA,NA,NA,NA,NA,NA,NA,NA,NA,NA,0.395890973,11.86657924,0.410724674,0.849094278,32,23,NA,NA,NA,NA,NA,NA,-,exon,"ENSG00000206644.1,ENSG00000241868.3,ENSG00000163960.12","RNU6-1279P,RN7SL434P,UBXN7","snRNA,misc_RNA,protein_coding"
chr5:31421272|31424471,NA,NA,NA,NA,NA,NA,NA,NA,NA,NA,NA,NA,0.859195615,10.15259829,0.424115089,0.865396929,7,7,NA,NA,NA,NA,NA,NA,-,exon,ENSG00000113360.17,DROSHA,protein_coding
chr1:29154696|29154910,NA,NA,NA,NA,NA,NA,NA,NA,NA,NA,NA,NA,-0.634041289,10.87443801,0.42464826,0.865396929,20,7,NA,NA,NA,NA,NA,NA,-,exon,ENSG00000116350.17,SRSF4,protein_coding
chr3:197104903|197119530,NA,NA,NA,NA,NA,NA,NA,NA,NA,NA,NA,NA,-0.492092752,11.47366999,0.430053998,0.868946852,31,12,NA,NA,NA,NA,NA,NA,-,exon,ENSG00000075711.21,DLG1,protein_coding
chr16:88027483|88038011,NA,NA,NA,NA,NA,NA,NA,NA,NA,NA,NA,NA,-0.277101308,12.43375639,0.440643501,0.868946852,60,27,NA,NA,NA,NA,NA,NA,+,exon,ENSG00000172530.21,BANP,protein_coding
chr13:75560753|75569507,NA,NA,NA,NA,NA,NA,NA,NA,NA,NA,NA,NA,0.547247259,10.93651214,0.442378938,0.868946852,15,12,NA,NA,NA,NA,NA,NA,+,exon,"ENSG00000118939.18,ENSG00000261553.5","UCHL3,RP11-29G8.3","protein_coding,lncRNA"
chr3:195381009|195392147,NA,NA,NA,NA,NA,NA,NA,NA,NA,NA,NA,NA,-0.51348128,10.96898596,0.442378938,0.868946852,21,8,NA,NA,NA,NA,NA,NA,-,exon,ENSG00000114331.15,ACAP2,protein_coding
chr10:34269657|34284245,NA,NA,NA,NA,NA,NA,NA,NA,NA,NA,NA,NA,0.419303869,11.59746815,0.451880688,0.868946852,26,19,NA,NA,NA,NA,NA,NA,-,exon,ENSG00000148498.16,PARD3,protein_coding
chr22:50372020|50394135,NA,NA,NA,NA,NA,NA,NA,NA,NA,NA,NA,NA,0.861027317,10.30792381,0.454681493,0.868946852,8,8,NA,NA,NA,NA,NA,NA,+,exon,ENSG00000100239.16,PPP6R2,protein_coding
chr7:44645327|44647759,NA,NA,NA,NA,NA,NA,NA,NA,NA,NA,NA,NA,0.861027317,10.30792381,0.454681493,0.868946852,8,8,NA,NA,NA,NA,NA,NA,+,exon,ENSG00000105953.15,OGDH,protein_coding
chr7:66240325|66286709,NA,NA,NA,NA,NA,NA,NA,NA,NA,NA,NA,NA,0.861027317,10.30792381,0.454681493,0.868946852,8,8,NA,NA,NA,NA,NA,NA,+,exon,ENSG00000169902.15,TPST1,protein_coding
chr10:11997672|12014184,NA,NA,NA,NA,NA,NA,NA,NA,NA,NA,NA,NA,-0.812717668,10.31534568,0.454681493,0.868946852,13,4,NA,NA,NA,NA,NA,NA,-,exon,ENSG00000151461.20,UPF2,protein_coding
chr21:37420299|37430400,NA,NA,NA,NA,NA,NA,NA,NA,NA,NA,NA,NA,-0.812717668,10.31534568,0.454681493,0.868946852,13,4,NA,NA,NA,NA,NA,NA,+,exon,ENSG00000157540.22,DYRK1A,protein_coding
chr2:61485768|61490776,NA,NA,NA,NA,NA,NA,NA,NA,NA,NA,NA,NA,-0.812717668,10.31534568,0.454681493,0.868946852,13,4,NA,NA,NA,NA,NA,NA,-,exon,ENSG00000082898.19,XPO1,protein_coding
chr6:116689320|116692392,NA,NA,NA,NA,NA,NA,NA,NA,NA,NA,NA,NA,-0.812717668,10.31534568,0.454681493,0.868946852,13,4,NA,NA,NA,NA,NA,NA,+,exon,ENSG00000196911.11,KPNA5,protein_coding
chr7:23611171|23611553,NA,NA,NA,NA,NA,NA,NA,NA,NA,NA,NA,NA,-0.812717668,10.31534568,0.454681493,0.868946852,13,4,NA,NA,NA,NA,NA,NA,+,exon,ENSG00000169193.12,CCDC126,protein_coding
chr11:121045674|121060085,NA,NA,NA,NA,NA,NA,NA,NA,NA,NA,NA,NA,0.694282626,10.37267437,0.454681493,0.868946852,9,8,NA,NA,NA,NA,NA,NA,+,exon,"ENSG00000154114.13,ENSG00000285509.1","TBCEL,TBCEL-TECTA","protein_coding,protein_coding"
chr8:18799295|18804898,NA,NA,NA,NA,NA,NA,NA,NA,NA,NA,NA,NA,0.275452328,12.57892825,0.461801201,0.878648303,56,37,NA,NA,NA,NA,NA,NA,-,exon,ENSG00000156011.17,PSD3,protein_coding
chr14:71413948|71529370,NA,NA,NA,NA,NA,NA,NA,NA,NA,NA,NA,NA,-0.701116556,10.50843222,0.480882571,0.895149375,15,5,NA,NA,NA,NA,NA,NA,+,exon,"ENSG00000242330.3,ENSG00000197555.10","RN7SL683P,SIPA1L1","misc_RNA,protein_coding"
chr4:177353308|177360677,NA,NA,NA,NA,NA,NA,NA,NA,NA,NA,NA,NA,-0.701116556,10.50843222,0.480882571,0.895149375,15,5,NA,NA,NA,NA,NA,NA,+,exon,ENSG00000109674.4,NEIL3,protein_coding
chr2:47822218|47823360,NA,NA,NA,NA,NA,NA,NA,NA,NA,NA,NA,NA,-0.602679822,10.45149677,0.480882571,0.895149375,14,5,NA,NA,NA,NA,NA,NA,-,exon,ENSG00000138081.22,FBXO11,protein_coding
chr3:8935871|8941804,NA,NA,NA,NA,NA,NA,NA,NA,NA,NA,NA,NA,-0.602679822,10.45149677,0.480882571,0.895149375,14,5,NA,NA,NA,NA,NA,NA,-,exon,ENSG00000070950.10,RAD18,protein_coding
chr3:146121112|146124229,NA,NA,NA,NA,NA,NA,NA,NA,NA,NA,NA,NA,0.544828839,10.43433285,0.480882571,0.895149375,10,8,NA,NA,NA,NA,NA,NA,-,exon,ENSG00000152952.12,PLOD2,protein_coding
chr7:17868407|17875790,NA,NA,NA,NA,NA,NA,NA,NA,NA,NA,NA,NA,1.164057712,9.68202334,0.50791091,0.932982521,4,5,NA,NA,NA,NA,NA,NA,-,exon,ENSG00000071189.21,SNX13,protein_coding
chr9:126340508|126395697,NA,NA,NA,NA,NA,NA,NA,NA,NA,NA,NA,NA,1.164057712,9.68202334,0.50791091,0.932982521,4,5,NA,NA,NA,NA,NA,NA,+,exon,ENSG00000196814.15,MVB12B,protein_coding
chr4:87195324|87195690,NA,NA,NA,NA,NA,NA,NA,NA,NA,NA,NA,NA,0.412013689,11.37191885,0.511768791,0.932982521,22,16,NA,NA,NA,NA,NA,NA,-,exon,ENSG00000145332.14,KLHL8,protein_coding
chr10:100923975|100926019,NA,NA,NA,NA,NA,NA,NA,NA,NA,NA,NA,NA,0.435338483,11.44149813,0.522805221,0.932982521,23,17,NA,NA,NA,NA,NA,NA,+,exon,ENSG00000119906.13,SLF2,protein_coding
chr1:23030469|23050520,NA,NA,NA,NA,NA,NA,NA,NA,NA,NA,NA,NA,0.435338483,11.44149813,0.522805221,0.932982521,23,17,NA,NA,NA,NA,NA,NA,+,exon,"ENSG00000263793.1,ENSG00000004487.17","MIR3115,KDM1A","miRNA,protein_coding"
chr22:25375813|25381578,NA,NA,NA,NA,NA,NA,NA,NA,NA,NA,NA,NA,-0.621018947,10.67876219,0.523698161,0.932982521,17,6,NA,NA,NA,NA,NA,NA,-,exon,ENSG00000100068.14,LRP5L,transcribed_unprocessed_pseudogene
chr5:65988635|66014725,NA,NA,NA,NA,NA,NA,NA,NA,NA,NA,NA,NA,0.604403269,10.68184803,0.523698161,0.932982521,12,10,NA,NA,NA,NA,NA,NA,+,exon,ENSG00000112851.15,ERBIN,protein_coding
chr15:90439332|90443478,NA,NA,NA,NA,NA,NA,NA,NA,NA,NA,NA,NA,0.853387695,9.782682999,0.548940879,0.932982521,5,5,NA,NA,NA,NA,NA,NA,+,exon,ENSG00000140575.13,IQGAP1,protein_coding
chr17:40391506|40392737,NA,NA,NA,NA,NA,NA,NA,NA,NA,NA,NA,NA,0.853387695,9.782682999,0.548940879,0.932982521,5,5,NA,NA,NA,NA,NA,NA,-,exon,ENSG00000131747.15,TOP2A,protein_coding
chr17:47663089|47668410,NA,NA,NA,NA,NA,NA,NA,NA,NA,NA,NA,NA,0.853387695,9.782682999,0.548940879,0.932982521,5,5,NA,NA,NA,NA,NA,NA,+,exon,ENSG00000108424.11,KPNB1,protein_coding
chr17:81693654|81694853,NA,NA,NA,NA,NA,NA,NA,NA,NA,NA,NA,NA,0.853387695,9.782682999,0.548940879,0.932982521,5,5,NA,NA,NA,NA,NA,NA,+,exon,"ENSG00000277784.1,ENSG00000185359.14","MIR6786,HGS","miRNA,protein_coding"
chr17:81855142|81855586,NA,NA,NA,NA,NA,NA,NA,NA,NA,NA,NA,NA,0.853387695,9.782682999,0.548940879,0.932982521,5,5,NA,NA,NA,NA,NA,NA,-,exon,ENSG00000185624.16,P4HB,protein_coding
chr4:82878730|82881940,NA,NA,NA,NA,NA,NA,NA,NA,NA,NA,NA,NA,0.853387695,9.782682999,0.548940879,0.932982521,5,5,NA,NA,NA,NA,NA,NA,-,exon,ENSG00000138674.17,SEC31A,protein_coding
chr8:119788338|119797846,NA,NA,NA,NA,NA,NA,NA,NA,NA,NA,NA,NA,0.853387695,9.782682999,0.548940879,0.932982521,5,5,NA,NA,NA,NA,NA,NA,-,exon,ENSG00000064313.12,TAF2,protein_coding
chr12:120782655|120784593,NA,NA,NA,NA,NA,NA,NA,NA,NA,NA,NA,NA,0.59790778,9.876194154,0.548940879,0.932982521,6,5,NA,NA,NA,NA,NA,NA,-,exon,ENSG00000157837.16,SPPL3,protein_coding
chr14:31127785|31133675,NA,NA,NA,NA,NA,NA,NA,NA,NA,NA,NA,NA,0.59790778,9.876194154,0.548940879,0.932982521,6,5,NA,NA,NA,NA,NA,NA,-,exon,ENSG00000092148.13,HECTD1,protein_coding
chr6:53071057|53076543,NA,NA,NA,NA,NA,NA,NA,NA,NA,NA,NA,NA,0.59790778,9.876194154,0.548940879,0.932982521,6,5,NA,NA,NA,NA,NA,NA,+,exon,ENSG00000112146.17,FBXO9,protein_coding
chr8:134600436|134610655,NA,NA,NA,NA,NA,NA,NA,NA,NA,NA,NA,NA,0.59790778,9.876194154,0.548940879,0.932982521,6,5,NA,NA,NA,NA,NA,NA,-,exon,ENSG00000066827.16,ZFAT,protein_coding
chr3:172247533|172251541,NA,NA,NA,NA,NA,NA,NA,NA,NA,NA,NA,NA,0.422673555,10.88145935,0.557455914,0.943724578,15,11,NA,NA,NA,NA,NA,NA,+,exon,ENSG00000075420.13,FNDC3B,protein_coding
chr14:80743075|80761613,NA,NA,NA,NA,NA,NA,NA,NA,NA,NA,NA,NA,0.639793754,10.06069484,0.581180318,0.961182833,7,6,NA,NA,NA,NA,NA,NA,-,exon,ENSG00000100629.17,CEP128,protein_coding
chr3:146102755|146124229,NA,NA,NA,NA,NA,NA,NA,NA,NA,NA,NA,NA,0.639793754,10.06069484,0.581180318,0.961182833,7,6,NA,NA,NA,NA,NA,NA,-,exon,ENSG00000152952.12,PLOD2,protein_coding
chr4:139125164|139139497,NA,NA,NA,NA,NA,NA,NA,NA,NA,NA,NA,NA,0.639793754,10.06069484,0.581180318,0.961182833,7,6,NA,NA,NA,NA,NA,NA,-,exon,ENSG00000109381.20,ELF2,protein_coding
chr12:28305649|28307749,NA,NA,NA,NA,NA,NA,NA,NA,NA,NA,NA,NA,-0.698717175,10.24961914,0.607376167,0.963733402,12,4,NA,NA,NA,NA,NA,NA,+,exon,ENSG00000123106.10,CCDC91,protein_coding
chr2:168161787|168182090,NA,NA,NA,NA,NA,NA,NA,NA,NA,NA,NA,NA,-0.698717175,10.24961914,0.607376167,0.963733402,12,4,NA,NA,NA,NA,NA,NA,-,exon,ENSG00000198648.11,STK39,protein_coding
chr4:105424196|105456745,NA,NA,NA,NA,NA,NA,NA,NA,NA,NA,NA,NA,-0.698717175,10.24961914,0.607376167,0.963733402,12,4,NA,NA,NA,NA,NA,NA,-,exon,ENSG00000138777.20,PPA2,protein_coding
chr8:28155942|28162078,NA,NA,NA,NA,NA,NA,NA,NA,NA,NA,NA,NA,-0.698717175,10.24961914,0.607376167,0.963733402,12,4,NA,NA,NA,NA,NA,NA,+,exon,ENSG00000134014.17,ELP3,protein_coding
chr13:46723221|46733998,NA,NA,NA,NA,NA,NA,NA,NA,NA,NA,NA,NA,0.670629234,10.22483658,0.607376167,0.963733402,8,7,NA,NA,NA,NA,NA,NA,+,exon,ENSG00000136141.15,LRCH1,protein_coding
chr2:10419734|10420135,NA,NA,NA,NA,NA,NA,NA,NA,NA,NA,NA,NA,0.670629234,10.22483658,0.607376167,0.963733402,8,7,NA,NA,NA,NA,NA,NA,+,exon,ENSG00000115756.13,HPCAL1,protein_coding
chr2:63856306|63857936,NA,NA,NA,NA,NA,NA,NA,NA,NA,NA,NA,NA,0.670629234,10.22483658,0.607376167,0.963733402,8,7,NA,NA,NA,NA,NA,NA,+,exon,ENSG00000169764.16,UGP2,protein_coding
chr4:153394262|153397333,NA,NA,NA,NA,NA,NA,NA,NA,NA,NA,NA,NA,0.503884544,10.2932664,0.607376167,0.963733402,9,7,NA,NA,NA,NA,NA,NA,+,exon,"ENSG00000121211.8,ENSG00000288637.1","MND1,RP11-559F19.4","protein_coding,protein_coding"
chr13:32517857|32527532,NA,NA,NA,NA,NA,NA,NA,NA,NA,NA,NA,NA,-0.330369832,11.48390301,0.636167827,1,30,13,NA,NA,NA,NA,NA,NA,-,exon,ENSG00000244754.9,N4BP2L2,protein_coding
chr14:102040236|102040673,NA,NA,NA,NA,NA,NA,NA,NA,NA,NA,NA,NA,0.259623691,11.52481546,0.644318917,1,26,17,NA,NA,NA,NA,NA,NA,+,exon,ENSG00000197102.14,DYNC1H1,protein_coding
chr10:68459104|68470163,NA,NA,NA,NA,NA,NA,NA,NA,NA,NA,NA,NA,-0.442258547,10.57642318,0.64776437,1,15,6,NA,NA,NA,NA,NA,NA,-,exon,ENSG00000138346.15,DNA2,protein_coding
chr11:77683710|77693611,NA,NA,NA,NA,NA,NA,NA,NA,NA,NA,NA,NA,-0.442258547,10.57642318,0.64776437,1,15,6,NA,NA,NA,NA,NA,NA,-,exon,ENSG00000048649.14,RSF1,protein_coding
chr21:36247517|36248568,NA,NA,NA,NA,NA,NA,NA,NA,NA,NA,NA,NA,0.409414467,10.49318056,0.64776437,1,11,8,NA,NA,NA,NA,NA,NA,+,exon,ENSG00000142197.12,DOP1B,protein_coding
chr1:7777160|7778169,NA,NA,NA,NA,NA,NA,NA,NA,NA,NA,NA,NA,0.287554478,11.58747246,0.651947651,1,27,18,NA,NA,NA,NA,NA,NA,+,exon,ENSG00000049245.13,VAMP3,protein_coding
chr10:12081472|12120267,NA,NA,NA,NA,NA,NA,NA,NA,NA,NA,NA,NA,0.339801282,10.66848935,0.663791876,1,13,9,NA,NA,NA,NA,NA,NA,+,exon,ENSG00000181192.12,DHTKD1,protein_coding
chr1:155438327|155459898,NA,NA,NA,NA,NA,NA,NA,NA,NA,NA,NA,NA,0.339801282,10.66848935,0.663791876,1,13,9,NA,NA,NA,NA,NA,NA,-,exon,ENSG00000116539.14,ASH1L,protein_coding
chr15:80120328|80122800,NA,NA,NA,NA,NA,NA,NA,NA,NA,NA,NA,NA,-0.20738177,11.76873979,0.672199,1,36,17,NA,NA,NA,NA,NA,NA,+,exon,ENSG00000086666.19,ZFAND6,protein_coding
chr11:61437625|61438113,NA,NA,NA,NA,NA,NA,NA,NA,NA,NA,NA,NA,-0.483323638,10.78634426,0.677816641,1,18,7,NA,NA,NA,NA,NA,NA,+,exon,"ENSG00000256591.5,ENSG00000167985.7","RP11-286N22.8,SDHAF2","protein_coding,protein_coding"
chr10:110964125|110985765,NA,NA,NA,NA,NA,NA,NA,NA,NA,NA,NA,NA,-0.401617085,10.73994905,0.677816641,1,17,7,NA,NA,NA,NA,NA,NA,+,exon,ENSG00000108061.12,SHOC2,protein_coding
chr10:84438512|84477664,NA,NA,NA,NA,NA,NA,NA,NA,NA,NA,NA,NA,-0.401617085,10.73994905,0.677816641,1,17,7,NA,NA,NA,NA,NA,NA,+,exon,ENSG00000107771.17,CCSER2,protein_coding
chr5:139363759|139364743,NA,NA,NA,NA,NA,NA,NA,NA,NA,NA,NA,NA,-0.401617085,10.73994905,0.677816641,1,17,7,NA,NA,NA,NA,NA,NA,+,exon,ENSG00000120727.13,PAIP2,protein_coding
chr1:65364635|65366196,NA,NA,NA,NA,NA,NA,NA,NA,NA,NA,NA,NA,0.384754541,10.77875568,0.677816641,1,14,10,NA,NA,NA,NA,NA,NA,+,exon,ENSG00000116675.16,DNAJC6,protein_coding
chr17:82563354|82568201,NA,NA,NA,NA,NA,NA,NA,NA,NA,NA,NA,NA,0.162892679,11.91918617,0.689294014,1,36,22,NA,NA,NA,NA,NA,NA,+,exon,ENSG00000141568.21,FOXK2,protein_coding
chr1:155853276|155853806,NA,NA,NA,NA,NA,NA,NA,NA,NA,NA,NA,NA,-0.370251661,10.88681543,0.69022378,1,19,8,NA,NA,NA,NA,NA,NA,-,exon,ENSG00000116580.19,GON4L,protein_coding
chr8:47279862|47294030,NA,NA,NA,NA,NA,NA,NA,NA,NA,NA,NA,NA,-0.275468291,10.98105286,0.701302134,1,20,9,NA,NA,NA,NA,NA,NA,+,exon,ENSG00000164808.17,SPIDR,protein_coding
chr4:38089932|38103157,NA,NA,NA,NA,NA,NA,NA,NA,NA,NA,NA,NA,0.243913155,10.96529009,0.701302134,1,17,11,NA,NA,NA,NA,NA,NA,+,exon,ENSG00000065882.16,TBC1D1,protein_coding
chr12:49991998|49992655,NA,NA,NA,NA,NA,NA,NA,NA,NA,NA,NA,NA,-0.411919236,11.05801067,0.711273147,1,22,9,NA,NA,NA,NA,NA,NA,-,exon,ENSG00000161800.13,RACGAP1,protein_coding
chr5:123545417|123557564,NA,NA,NA,NA,NA,NA,NA,NA,NA,NA,NA,NA,0.112014231,12.96362377,0.714838365,1,78,46,NA,NA,NA,NA,NA,NA,+,exon,ENSG00000151292.17,CSNK1G3,protein_coding
chr1:155438327|155439068,NA,NA,NA,NA,NA,NA,NA,NA,NA,NA,NA,NA,0.324121001,11.14137551,0.720309826,1,19,13,NA,NA,NA,NA,NA,NA,-,exon,ENSG00000116539.14,ASH1L,protein_coding
chr7:66127704|66134374,NA,NA,NA,NA,NA,NA,NA,NA,NA,NA,NA,NA,0.324121001,11.14137551,0.720309826,1,19,13,NA,NA,NA,NA,NA,NA,+,exon,"ENSG00000241258.7,ENSG00000249319.2","CRCP,AC068533.7","protein_coding,protein_coding"
chr17:31982999|31988497,NA,NA,NA,NA,NA,NA,NA,NA,NA,NA,NA,NA,0.848371631,9.556220053,0.726617172,1,4,4,NA,NA,NA,NA,NA,NA,+,exon,ENSG00000178691.11,SUZ12,protein_coding
chr2:171925537|171953001,NA,NA,NA,NA,NA,NA,NA,NA,NA,NA,NA,NA,0.848371631,9.556220053,0.726617172,1,4,4,NA,NA,NA,NA,NA,NA,+,exon,ENSG00000128708.13,HAT1,protein_coding
chr2:175970764|175995646,NA,NA,NA,NA,NA,NA,NA,NA,NA,NA,NA,NA,0.848371631,9.556220053,0.726617172,1,4,4,NA,NA,NA,NA,NA,NA,-,exon,ENSG00000144320.14,LNPK,protein_coding
chr2:189791790|189805754,NA,NA,NA,NA,NA,NA,NA,NA,NA,NA,NA,NA,0.848371631,9.556220053,0.726617172,1,4,4,NA,NA,NA,NA,NA,NA,+,exon,ENSG00000064933.18,PMS1,protein_coding
chr3:56669700|56673725,NA,NA,NA,NA,NA,NA,NA,NA,NA,NA,NA,NA,0.848371631,9.556220053,0.726617172,1,4,4,NA,NA,NA,NA,NA,NA,-,exon,ENSG00000163946.14,TASOR,protein_coding
chr5:126804776|126811898,NA,NA,NA,NA,NA,NA,NA,NA,NA,NA,NA,NA,0.848371631,9.556220053,0.726617172,1,4,4,NA,NA,NA,NA,NA,NA,+,exon,ENSG00000113368.12,LMNB1,protein_coding
chr5:95736889|95783963,NA,NA,NA,NA,NA,NA,NA,NA,NA,NA,NA,NA,0.848371631,9.556220053,0.726617172,1,4,4,NA,NA,NA,NA,NA,NA,+,exon,"ENSG00000251348.1,ENSG00000164292.13","HSPD1P11,RHOBTB3","processed_pseudogene,protein_coding"
chr7:105062164|105081797,NA,NA,NA,NA,NA,NA,NA,NA,NA,NA,NA,NA,0.848371631,9.556220053,0.726617172,1,4,4,NA,NA,NA,NA,NA,NA,+,exon,ENSG00000005483.21,KMT2E,protein_coding
chr8:28713457|28718207,NA,NA,NA,NA,NA,NA,NA,NA,NA,NA,NA,NA,0.848371631,9.556220053,0.726617172,1,4,4,NA,NA,NA,NA,NA,NA,+,exon,ENSG00000012232.9,EXTL3,protein_coding
chr2:23958301|23984831,NA,NA,NA,NA,NA,NA,NA,NA,NA,NA,NA,NA,-0.249615141,11.22181524,0.72854956,1,24,11,NA,NA,NA,NA,NA,NA,+,exon,ENSG00000173960.14,UBXN2A,protein_coding
chr6:158282263|158314268,NA,NA,NA,NA,NA,NA,NA,NA,NA,NA,NA,NA,-0.217842343,11.60843933,0.766248816,1,32,15,NA,NA,NA,NA,NA,NA,+,exon,"ENSG00000130338.13,ENSG00000274023.1","TULP4,RP11-732M18.4","protein_coding,lncRNA"
chr1:112653598|112659779,NA,NA,NA,NA,NA,NA,NA,NA,NA,NA,NA,NA,0.380935745,9.963495694,0.77448171,1,7,5,NA,NA,NA,NA,NA,NA,+,exon,ENSG00000116489.13,CAPZA1,protein_coding
chr1:172551512|172557794,NA,NA,NA,NA,NA,NA,NA,NA,NA,NA,NA,NA,0.380935745,9.963495694,0.77448171,1,7,5,NA,NA,NA,NA,NA,NA,+,exon,ENSG00000094975.14,SUCO,protein_coding
chr2:61492035|61497007,NA,NA,NA,NA,NA,NA,NA,NA,NA,NA,NA,NA,0.380935745,9.963495694,0.77448171,1,7,5,NA,NA,NA,NA,NA,NA,-,exon,ENSG00000082898.19,XPO1,protein_coding
chr5:137942875|137943216,NA,NA,NA,NA,NA,NA,NA,NA,NA,NA,NA,NA,0.380935745,9.963495694,0.77448171,1,7,5,NA,NA,NA,NA,NA,NA,-,exon,ENSG00000031003.10,FAM13B,protein_coding
chr6:149826264|149853160,NA,NA,NA,NA,NA,NA,NA,NA,NA,NA,NA,NA,0.380935745,9.963495694,0.77448171,1,7,5,NA,NA,NA,NA,NA,NA,-,exon,"ENSG00000285991.1,ENSG00000120256.11,ENSG00000285889.1","RP11-350J20.15,LRP11,RP11-350J20.17","protein_coding,protein_coding,lncRNA"
chr7:73686636|73687095,NA,NA,NA,NA,NA,NA,NA,NA,NA,NA,NA,NA,0.380935745,9.963495694,0.77448171,1,7,5,NA,NA,NA,NA,NA,NA,+,exon,ENSG00000071462.12,BUD23,protein_coding
chr15:50300789|50301368,NA,NA,NA,NA,NA,NA,NA,NA,NA,NA,NA,NA,-0.574929567,10.1804326,0.790600623,1,11,4,NA,NA,NA,NA,NA,NA,-,exon,ENSG00000104064.18,GABPB1,protein_coding
chr16:954357|954666,NA,NA,NA,NA,NA,NA,NA,NA,NA,NA,NA,NA,-0.574929567,10.1804326,0.790600623,1,11,4,NA,NA,NA,NA,NA,NA,-,exon,ENSG00000103227.19,LMF1,protein_coding
chr2:224535528|224557856,NA,NA,NA,NA,NA,NA,NA,NA,NA,NA,NA,NA,-0.574929567,10.1804326,0.790600623,1,11,4,NA,NA,NA,NA,NA,NA,-,exon,ENSG00000036257.13,CUL3,protein_coding
chr9:112574057|112575251,NA,NA,NA,NA,NA,NA,NA,NA,NA,NA,NA,NA,-0.574929567,10.1804326,0.790600623,1,11,4,NA,NA,NA,NA,NA,NA,+,exon,ENSG00000165185.15,KIAA1958,protein_coding
chr5:126804776|126832801,NA,NA,NA,NA,NA,NA,NA,NA,NA,NA,NA,NA,0.451227373,10.13746874,0.790600623,1,8,6,NA,NA,NA,NA,NA,NA,+,exon,ENSG00000113368.12,LMNB1,protein_coding
chr9:131430090|131432794,NA,NA,NA,NA,NA,NA,NA,NA,NA,NA,NA,NA,0.451227373,10.13746874,0.790600623,1,8,6,NA,NA,NA,NA,NA,NA,+,exon,ENSG00000288701.1,PRRC2B,protein_coding
chr2:61522611|61533903,NA,NA,NA,NA,NA,NA,NA,NA,NA,NA,NA,NA,0.149109545,11.98648479,0.795140493,1,38,23,NA,NA,NA,NA,NA,NA,-,exon,ENSG00000082898.19,XPO1,protein_coding
chr12:111509549|111510582,NA,NA,NA,NA,NA,NA,NA,NA,NA,NA,NA,NA,-0.383031094,10.32960231,0.803697892,1,12,5,NA,NA,NA,NA,NA,NA,-,exon,ENSG00000204842.18,ATXN2,protein_coding
chr14:105252507|105272894,NA,NA,NA,NA,NA,NA,NA,NA,NA,NA,NA,NA,-0.383031094,10.32960231,0.803697892,1,12,5,NA,NA,NA,NA,NA,NA,-,exon,ENSG00000185024.17,BRF1,protein_coding
chr16:3850297|3851009,NA,NA,NA,NA,NA,NA,NA,NA,NA,NA,NA,NA,-0.383031094,10.32960231,0.803697892,1,12,5,NA,NA,NA,NA,NA,NA,-,exon,ENSG00000005339.15,CREBBP,protein_coding
chr5:140440119|140449305,NA,NA,NA,NA,NA,NA,NA,NA,NA,NA,NA,NA,-0.383031094,10.32960231,0.803697892,1,12,5,NA,NA,NA,NA,NA,NA,+,exon,"ENSG00000131503.21,ENSG00000254996.5","ANKHD1,ANKHD1-EIF4EBP3","protein_coding,protein_coding"
chr12:96323948|96334865,NA,NA,NA,NA,NA,NA,NA,NA,NA,NA,NA,NA,-0.343821813,10.52207033,0.814612826,1,14,6,NA,NA,NA,NA,NA,NA,-,exon,ENSG00000059758.8,CDK17,protein_coding
chr15:74671455|74675142,NA,NA,NA,NA,NA,NA,NA,NA,NA,NA,NA,NA,-0.343821813,10.52207033,0.814612826,1,14,6,NA,NA,NA,NA,NA,NA,-,exon,ENSG00000179151.13,EDC3,protein_coding
chr17:49311312|49312042,NA,NA,NA,NA,NA,NA,NA,NA,NA,NA,NA,NA,-0.343821813,10.52207033,0.814612826,1,14,6,NA,NA,NA,NA,NA,NA,-,exon,ENSG00000198740.9,ZNF652,protein_coding
chr9:112268049|112297916,NA,NA,NA,NA,NA,NA,NA,NA,NA,NA,NA,NA,-0.343821813,10.52207033,0.814612826,1,14,6,NA,NA,NA,NA,NA,NA,-,exon,"ENSG00000230081.2,ENSG00000119314.16,ENSG00000243911.3","HSPE1P28,PTBP3,RN7SL430P","processed_pseudogene,protein_coding,misc_RNA"
chr14:73147795|73148094,NA,NA,NA,NA,NA,NA,NA,NA,NA,NA,NA,NA,-0.238173578,10.46534933,0.814612826,1,13,6,NA,NA,NA,NA,NA,NA,+,exon,ENSG00000080815.19,PSEN1,protein_coding
chr13:28174272|28177935,NA,NA,NA,NA,NA,NA,NA,NA,NA,NA,NA,NA,0.285626859,10.54946242,0.823890983,1,12,8,NA,NA,NA,NA,NA,NA,+,exon,ENSG00000152520.14,PAN3,protein_coding
chr9:125337018|125337591,NA,NA,NA,NA,NA,NA,NA,NA,NA,NA,NA,NA,0.285626859,10.54946242,0.823890983,1,12,8,NA,NA,NA,NA,NA,NA,+,exon,ENSG00000165219.22,GAPVD1,protein_coding
chr1:51402435|51408332,NA,NA,NA,NA,NA,NA,NA,NA,NA,NA,NA,NA,0.234153047,10.71806187,0.831904334,1,14,9,NA,NA,NA,NA,NA,NA,-,exon,ENSG00000085832.17,EPS15,protein_coding
chr6:13632370|13644729,NA,NA,NA,NA,NA,NA,NA,NA,NA,NA,NA,NA,0.234153047,10.71806187,0.831904334,1,14,9,NA,NA,NA,NA,NA,NA,-,exon,ENSG00000010017.13,RANBP9,protein_coding
chr20:2964272|2965202,NA,NA,NA,NA,NA,NA,NA,NA,NA,NA,NA,NA,-0.211219003,10.79907055,0.838916366,1,17,8,NA,NA,NA,NA,NA,NA,+,exon,ENSG00000132670.21,PTPRA,protein_coding
chr4:51863437|51891851,NA,NA,NA,NA,NA,NA,NA,NA,NA,NA,NA,NA,0.2094542,11.09335296,0.855643781,1,19,12,NA,NA,NA,NA,NA,NA,+,exon,ENSG00000109184.15,DCUN1D4,protein_coding
chr7:100812747|100813208,NA,NA,NA,NA,NA,NA,NA,NA,NA,NA,NA,NA,-0.194704869,11.06978024,0.855643781,1,21,10,NA,NA,NA,NA,NA,NA,-,exon,ENSG00000196411.10,EPHB4,protein_coding
chr5:168488602|168497348,NA,NA,NA,NA,NA,NA,NA,NA,NA,NA,NA,NA,0.250729456,11.17659498,0.860161894,1,20,13,NA,NA,NA,NA,NA,NA,+,exon,ENSG00000113643.9,RARS1,protein_coding
chr20:56381433|56386533,NA,NA,NA,NA,NA,NA,NA,NA,NA,NA,NA,NA,0.180891383,11.21086774,0.860161894,1,21,13,NA,NA,NA,NA,NA,NA,-,exon,ENSG00000087586.18,AURKA,protein_coding
chr3:149846011|149921227,NA,NA,NA,NA,NA,NA,NA,NA,NA,NA,NA,NA,0.118509054,11.51459132,0.877742635,1,27,16,NA,NA,NA,NA,NA,NA,+,exon,ENSG00000082996.20,RNF13,protein_coding
chr6:87215903|87218731,NA,NA,NA,NA,NA,NA,NA,NA,NA,NA,NA,NA,0.103005436,11.60300542,0.880527172,1,29,17,NA,NA,NA,NA,NA,NA,+,exon,ENSG00000188994.13,ZNF292,protein_coding
chr10:7797047|7802854,NA,NA,NA,NA,NA,NA,NA,NA,NA,NA,NA,NA,0.05829254,12.14654058,0.902319544,1,44,25,NA,NA,NA,NA,NA,NA,+,exon,ENSG00000165629.20,ATP5F1C,protein_coding
chr11:94799390|94800311,NA,NA,NA,NA,NA,NA,NA,NA,NA,NA,NA,NA,0.537701614,9.665538582,1,1,5,4,NA,NA,NA,NA,NA,NA,+,exon,ENSG00000166025.18,AMOTL1,protein_coding
chr17:63760914|63766194,NA,NA,NA,NA,NA,NA,NA,NA,NA,NA,NA,NA,0.537701614,9.665538582,1,1,5,4,NA,NA,NA,NA,NA,NA,-,exon,ENSG00000108588.14,CCDC47,protein_coding
chr17:82763965|82781721,NA,NA,NA,NA,NA,NA,NA,NA,NA,NA,NA,NA,0.537701614,9.665538582,1,1,5,4,NA,NA,NA,NA,NA,NA,+,exon,ENSG00000141556.22,TBCD,protein_coding
chr1:20969474|21002808,NA,NA,NA,NA,NA,NA,NA,NA,NA,NA,NA,NA,0.537701614,9.665538582,1,1,5,4,NA,NA,NA,NA,NA,NA,-,exon,"ENSG00000221808.1,ENSG00000075151.23","MIR1256,EIF4G3","miRNA,protein_coding"
chr5:136153592|136154163,NA,NA,NA,NA,NA,NA,NA,NA,NA,NA,NA,NA,0.537701614,9.665538582,1,1,5,4,NA,NA,NA,NA,NA,NA,+,exon,ENSG00000113658.18,SMAD5,protein_coding
chr6:144487548|144493456,NA,NA,NA,NA,NA,NA,NA,NA,NA,NA,NA,NA,0.537701614,9.665538582,1,1,5,4,NA,NA,NA,NA,NA,NA,+,exon,ENSG00000152818.18,UTRN,protein_coding
chr10:130166507|130171636,NA,NA,NA,NA,NA,NA,NA,NA,NA,NA,NA,NA,0.282221698,9.766524636,1,1,6,4,NA,NA,NA,NA,NA,NA,+,exon,ENSG00000108010.12,GLRX3,protein_coding
chr17:61984171|61985090,NA,NA,NA,NA,NA,NA,NA,NA,NA,NA,NA,NA,0.282221698,9.766524636,1,1,6,4,NA,NA,NA,NA,NA,NA,-,exon,ENSG00000108510.10,MED13,protein_coding
chr19:58260851|58263676,NA,NA,NA,NA,NA,NA,NA,NA,NA,NA,NA,NA,0.282221698,9.766524636,1,1,6,4,NA,NA,NA,NA,NA,NA,+,exon,"ENSG00000198131.14,ENSG00000283515.1","ZNF544,CTD-3138B18.4","protein_coding,protein_coding"
chr20:47276314|47287284,NA,NA,NA,NA,NA,NA,NA,NA,NA,NA,NA,NA,0.282221698,9.766524636,1,1,6,4,NA,NA,NA,NA,NA,NA,-,exon,ENSG00000101040.19,ZMYND8,protein_coding
chr22:38494630|38501280,NA,NA,NA,NA,NA,NA,NA,NA,NA,NA,NA,NA,0.282221698,9.766524636,1,1,6,4,NA,NA,NA,NA,NA,NA,-,exon,ENSG00000100201.23,DDX17,protein_coding
chr4:39075965|39086727,NA,NA,NA,NA,NA,NA,NA,NA,NA,NA,NA,NA,0.282221698,9.766524636,1,1,6,4,NA,NA,NA,NA,NA,NA,+,exon,ENSG00000109790.18,KLHL5,protein_coding
chr19:5604583|5604936,NA,NA,NA,NA,NA,NA,NA,NA,NA,NA,NA,NA,0.095845562,11.35026692,1,1,24,14,NA,NA,NA,NA,NA,NA,-,exon,ENSG00000130254.12,SAFB2,protein_coding
chr3:31576396|31580096,NA,NA,NA,NA,NA,NA,NA,NA,NA,NA,NA,NA,-0.047701592,11.83049928,1,1,36,19,NA,NA,NA,NA,NA,NA,+,exon,ENSG00000163527.10,STT3B,protein_coding
chr19:3660966|3662001,NA,NA,NA,NA,NA,NA,NA,NA,NA,NA,NA,NA,-0.439515195,10.10740391,1,1,10,4,NA,NA,NA,NA,NA,NA,-,exon,ENSG00000186111.11,PIP5K1C,protein_coding
chr2:231075511|231087181,NA,NA,NA,NA,NA,NA,NA,NA,NA,NA,NA,NA,-0.439515195,10.10740391,1,1,10,4,NA,NA,NA,NA,NA,NA,+,exon,ENSG00000173692.14,PSMD1,protein_coding
chr2:99449336|99464985,NA,NA,NA,NA,NA,NA,NA,NA,NA,NA,NA,NA,-0.439515195,10.10740391,1,1,10,4,NA,NA,NA,NA,NA,NA,-,exon,ENSG00000135945.10,REV1,protein_coding
chr14:103662116|103662927,NA,NA,NA,NA,NA,NA,NA,NA,NA,NA,NA,NA,-0.290061408,10.0300846,1,1,9,4,NA,NA,NA,NA,NA,NA,+,exon,"ENSG00000126214.21,ENSG00000256500.6","KLC1,RP11-73M18.2","protein_coding,protein_coding"
chr1:26257597|26259802,NA,NA,NA,NA,NA,NA,NA,NA,NA,NA,NA,NA,-0.290061408,10.0300846,1,1,9,4,NA,NA,NA,NA,NA,NA,+,exon,ENSG00000130695.16,CEP85,protein_coding
chr2:15488894|15511350,NA,NA,NA,NA,NA,NA,NA,NA,NA,NA,NA,NA,-0.290061408,10.0300846,1,1,9,4,NA,NA,NA,NA,NA,NA,-,exon,ENSG00000151779.13,NBAS,protein_coding
chr11:34071726|34076642,NA,NA,NA,NA,NA,NA,NA,NA,NA,NA,NA,NA,0.284482682,10.20997573,1,1,9,6,NA,NA,NA,NA,NA,NA,+,exon,ENSG00000135387.21,CAPRIN1,protein_coding
chr11:61366045|61367998,NA,NA,NA,NA,NA,NA,NA,NA,NA,NA,NA,NA,-0.259243486,10.26411319,1,1,11,5,NA,NA,NA,NA,NA,NA,+,exon,ENSG00000149483.12,TMEM138,protein_coding
chr17:77402059|77402703,NA,NA,NA,NA,NA,NA,NA,NA,NA,NA,NA,NA,-0.259243486,10.26411319,1,1,11,5,NA,NA,NA,NA,NA,NA,+,exon,ENSG00000184640.20,SEPTIN9,protein_coding
chr21:39228500|39229436,NA,NA,NA,NA,NA,NA,NA,NA,NA,NA,NA,NA,-0.222856685,10.6418633,1,1,15,7,NA,NA,NA,NA,NA,NA,-,exon,ENSG00000185658.14,BRWD1,protein_coding
chr18:9583117|9595102,NA,NA,NA,NA,NA,NA,NA,NA,NA,NA,NA,NA,0.219016384,10.42016614,1,1,11,7,NA,NA,NA,NA,NA,NA,-,exon,ENSG00000154845.16,PPP4R1,protein_coding
chr11:13413530|13421838,NA,NA,NA,NA,NA,NA,NA,NA,NA,NA,NA,NA,0.192369364,10.04535423,1,1,8,5,NA,NA,NA,NA,NA,NA,-,exon,ENSG00000148925.11,BTBD10,protein_coding
chr11:85996826|86003451,NA,NA,NA,NA,NA,NA,NA,NA,NA,NA,NA,NA,0.192369364,10.04535423,1,1,8,5,NA,NA,NA,NA,NA,NA,-,exon,ENSG00000073921.18,PICALM,protein_coding
chr15:93000512|93009323,NA,NA,NA,NA,NA,NA,NA,NA,NA,NA,NA,NA,0.192369364,10.04535423,1,1,8,5,NA,NA,NA,NA,NA,NA,+,exon,ENSG00000173575.22,CHD2,protein_coding
chr3:49967470|49975392,NA,NA,NA,NA,NA,NA,NA,NA,NA,NA,NA,NA,0.192369364,10.04535423,1,1,8,5,NA,NA,NA,NA,NA,NA,+,exon,ENSG00000004534.15,RBM6,protein_coding
chr6:17665239|17669546,NA,NA,NA,NA,NA,NA,NA,NA,NA,NA,NA,NA,0.192369364,10.04535423,1,1,8,5,NA,NA,NA,NA,NA,NA,-,exon,ENSG00000124789.12,NUP153,protein_coding
chr8:140700891|140706205,NA,NA,NA,NA,NA,NA,NA,NA,NA,NA,NA,NA,0.192369364,10.04535423,1,1,8,5,NA,NA,NA,NA,NA,NA,-,exon,ENSG00000169398.19,PTK2,protein_coding
chr2:229858772|229880128,NA,NA,NA,NA,NA,NA,NA,NA,NA,NA,NA,NA,0.171626366,10.60339288,1,1,13,8,NA,NA,NA,NA,NA,NA,-,exon,ENSG00000153827.14,TRIP12,protein_coding
chr3:56592970|56594028,NA,NA,NA,NA,NA,NA,NA,NA,NA,NA,NA,NA,0.171626366,10.60339288,1,1,13,8,NA,NA,NA,NA,NA,NA,+,exon,ENSG00000180376.17,CCDC66,protein_coding
chr3:196487399|196488683,NA,NA,NA,NA,NA,NA,NA,NA,NA,NA,NA,NA,0.135716313,10.76579481,1,1,15,9,NA,NA,NA,NA,NA,NA,-,exon,ENSG00000163961.4,RNF168,protein_coding
chr9:125657651|125672643,NA,NA,NA,NA,NA,NA,NA,NA,NA,NA,NA,NA,0.135716313,10.76579481,1,1,15,9,NA,NA,NA,NA,NA,NA,-,exon,ENSG00000119487.17,MAPKAP1,protein_coding
chr1:155521100|155521618,NA,NA,NA,NA,NA,NA,NA,NA,NA,NA,NA,NA,0.135028895,10.27866256,1,1,10,6,NA,NA,NA,NA,NA,NA,-,exon,ENSG00000116539.14,ASH1L,protein_coding
chr2:32377588|32416163,NA,NA,NA,NA,NA,NA,NA,NA,NA,NA,NA,NA,0.135028895,10.27866256,1,1,10,6,NA,NA,NA,NA,NA,NA,+,exon,ENSG00000115760.14,BIRC6,protein_coding
chr9:33996223|34017189,NA,NA,NA,NA,NA,NA,NA,NA,NA,NA,NA,NA,0.135028895,10.27866256,1,1,10,6,NA,NA,NA,NA,NA,NA,-,exon,ENSG00000137073.24,UBAP2,protein_coding
chr19:34430576|34438766,NA,NA,NA,NA,NA,NA,NA,NA,NA,NA,NA,NA,-0.124961994,11.15360173,1,1,22,11,NA,NA,NA,NA,NA,NA,+,exon,ENSG00000126261.13,UBA2,protein_coding
chr2:45546732|45553730,NA,NA,NA,NA,NA,NA,NA,NA,NA,NA,NA,NA,-0.124419952,10.5898906,1,1,14,7,NA,NA,NA,NA,NA,NA,-,exon,ENSG00000068784.13,SRBD1,protein_coding
chr3:134188837|134195182,NA,NA,NA,NA,NA,NA,NA,NA,NA,NA,NA,NA,-0.124419952,10.5898906,1,1,14,7,NA,NA,NA,NA,NA,NA,-,exon,ENSG00000163785.13,RYK,protein_coding
chr16:69695136|69695379,NA,NA,NA,NA,NA,NA,NA,NA,NA,NA,NA,NA,-0.123829114,10.19517412,1,1,10,5,NA,NA,NA,NA,NA,NA,+,exon,ENSG00000102908.22,NFAT5,protein_coding
chr8:67131951|67137603,NA,NA,NA,NA,NA,NA,NA,NA,NA,NA,NA,NA,-0.123829114,10.19517412,1,1,10,5,NA,NA,NA,NA,NA,NA,+,exon,ENSG00000104218.16,CSPP1,protein_coding
chr3:5170503|5174414,NA,NA,NA,NA,NA,NA,NA,NA,NA,NA,NA,NA,-0.123316717,9.947943702,1,1,8,4,NA,NA,NA,NA,NA,NA,+,exon,ENSG00000134108.14,ARL8B,protein_coding
chr3:56627037|56628614,NA,NA,NA,NA,NA,NA,NA,NA,NA,NA,NA,NA,-0.123316717,9.947943702,1,1,8,4,NA,NA,NA,NA,NA,NA,-,exon,ENSG00000163946.14,TASOR,protein_coding
chr5:146254943|146258593,NA,NA,NA,NA,NA,NA,NA,NA,NA,NA,NA,NA,-0.123316717,9.947943702,1,1,8,4,NA,NA,NA,NA,NA,NA,+,exon,"ENSG00000091009.8,ENSG00000275740.1","RBM27,RP11-449H3.3","protein_coding,protein_coding"
chr8:47953620|47957431,NA,NA,NA,NA,NA,NA,NA,NA,NA,NA,NA,NA,-0.123316717,9.947943702,1,1,8,4,NA,NA,NA,NA,NA,NA,-,exon,ENSG00000253729.8,PRKDC,protein_coding
chr11:72984088|72989097,NA,NA,NA,NA,NA,NA,NA,NA,NA,NA,NA,NA,0.095228776,10.47924423,1,1,12,7,NA,NA,NA,NA,NA,NA,-,exon,ENSG00000137478.15,FCHSD2,protein_coding
chr16:18834892|18845651,NA,NA,NA,NA,NA,NA,NA,NA,NA,NA,NA,NA,0.095228776,10.47924423,1,1,12,7,NA,NA,NA,NA,NA,NA,-,exon,ENSG00000157106.17,SMG1,protein_coding
chr21:39206108|39212707,NA,NA,NA,NA,NA,NA,NA,NA,NA,NA,NA,NA,0.095228776,10.47924423,1,1,12,7,NA,NA,NA,NA,NA,NA,-,exon,ENSG00000185658.14,BRWD1,protein_coding
chr8:60794986|60801593,NA,NA,NA,NA,NA,NA,NA,NA,NA,NA,NA,NA,0.095228776,10.47924423,1,1,12,7,NA,NA,NA,NA,NA,NA,+,exon,ENSG00000171316.12,CHD7,protein_coding
chr13:21167988|21168399,NA,NA,NA,NA,NA,NA,NA,NA,NA,NA,NA,NA,-0.073005926,11.43851239,1,1,27,14,NA,NA,NA,NA,NA,NA,-,exon,ENSG00000165480.16,SKA3,protein_coding
chr6:158583954|158589782,NA,NA,NA,NA,NA,NA,NA,NA,NA,NA,NA,NA,-0.068881953,11.33944266,1,1,25,13,NA,NA,NA,NA,NA,NA,+,exon,ENSG00000146433.10,TMEM181,protein_coding
chr18:24064140|24069271,NA,NA,NA,NA,NA,NA,NA,NA,NA,NA,NA,NA,0.065978131,10.6551608,1,1,14,8,NA,NA,NA,NA,NA,NA,+,exon,ENSG00000168234.13,TTC39C,protein_coding
chr4:48369849|48383784,NA,NA,NA,NA,NA,NA,NA,NA,NA,NA,NA,NA,0.065978131,10.6551608,1,1,14,8,NA,NA,NA,NA,NA,NA,+,exon,ENSG00000109171.15,SLAIN2,protein_coding
chr13:95983804|95999307,NA,NA,NA,NA,NA,NA,NA,NA,NA,NA,NA,NA,0.065249664,9.860346293,1,1,7,4,NA,NA,NA,NA,NA,NA,-,exon,ENSG00000102595.20,UGGT2,protein_coding
chr1:21715389|21721764,NA,NA,NA,NA,NA,NA,NA,NA,NA,NA,NA,NA,0.065249664,9.860346293,1,1,7,4,NA,NA,NA,NA,NA,NA,-,exon,ENSG00000090686.16,USP48,protein_coding
chr1:22489880|22491533,NA,NA,NA,NA,NA,NA,NA,NA,NA,NA,NA,NA,0.065249664,9.860346293,1,1,7,4,NA,NA,NA,NA,NA,NA,+,exon,ENSG00000184677.18,ZBTB40,protein_coding
chr7:140355668|140358785,NA,NA,NA,NA,NA,NA,NA,NA,NA,NA,NA,NA,0.065249664,9.860346293,1,1,7,4,NA,NA,NA,NA,NA,NA,-,exon,ENSG00000157800.18,SLC37A3,protein_coding
chr5:57246300|57251141,NA,NA,NA,NA,NA,NA,NA,NA,NA,NA,NA,NA,-0.051475251,10.99313498,1,1,19,10,NA,NA,NA,NA,NA,NA,+,exon,ENSG00000062194.16,GPBP1,protein_coding
chr21:46349012|46349820,NA,NA,NA,NA,NA,NA,NA,NA,NA,NA,NA,NA,0.043569168,10.81182046,1,1,16,9,NA,NA,NA,NA,NA,NA,+,exon,ENSG00000160299.17,PCNT,protein_coding
chr18:24064140|24083081,NA,NA,NA,NA,NA,NA,NA,NA,NA,NA,NA,NA,-0.043044087,10.85625741,1,1,17,9,NA,NA,NA,NA,NA,NA,+,exon,ENSG00000168234.13,TTC39C,protein_coding
chr1:231537213|231542611,NA,NA,NA,NA,NA,NA,NA,NA,NA,NA,NA,NA,0.025624673,10.12240368,1,1,9,5,NA,NA,NA,NA,NA,NA,+,exon,"ENSG00000270106.6,ENSG00000116918.15","TSNAX-DISC1,TSNAX","protein_coding,protein_coding"
chr4:51863437|51877854,NA,NA,NA,NA,NA,NA,NA,NA,NA,NA,NA,NA,0.025624673,10.12240368,1,1,9,5,NA,NA,NA,NA,NA,NA,+,exon,ENSG00000109184.15,DCUN1D4,protein_coding
chr8:140739018|140752316,NA,NA,NA,NA,NA,NA,NA,NA,NA,NA,NA,NA,0.025624673,10.12240368,1,1,9,5,NA,NA,NA,NA,NA,NA,-,exon,ENSG00000169398.19,PTK2,protein_coding
chr2:214767482|214781509,NA,NA,NA,NA,NA,NA,NA,NA,NA,NA,NA,NA,-0.018888539,11.40976856,1,1,26,14,NA,NA,NA,NA,NA,NA,-,exon,ENSG00000138376.11,BARD1,protein_coding
chr10:179994|221356,NA,NA,NA,NA,NA,NA,NA,NA,NA,NA,NA,NA,-0.018771716,10.53574737,1,1,13,7,NA,NA,NA,NA,NA,NA,+,exon,ENSG00000015171.20,ZMYND11,protein_coding
chr8:123077111|123105464,NA,NA,NA,NA,NA,NA,NA,NA,NA,NA,NA,NA,-0.018771716,10.53574737,1,1,13,7,NA,NA,NA,NA,NA,NA,+,exon,ENSG00000156787.17,TBC1D31,protein_coding
chr1:205616478|205623891,NA,NA,NA,NA,NA,NA,NA,NA,NA,NA,NA,NA,-3.88E-04,11.19951117,1,1,22,12,NA,NA,NA,NA,NA,NA,-,exon,ENSG00000158711.14,ELK4,protein_coding
chr4:39913611|39925933,NA,NA,NA,NA,NA,NA,NA,NA,NA,NA,NA,NA,-3.85E-04,10.34390989,1,1,11,6,NA,NA,NA,NA,NA,NA,-,exon,ENSG00000121892.15,PDS5A,protein_coding
